	filename	cellType	treatment	antibody	description
0	wgEncodeAwgTfbsBroadDnd41CtcfUniPk.narrowPeak	Dnd41	None	CTCF	ChIP Dnd41 CTCF
1	wgEncodeAwgTfbsBroadDnd41Ezh239875UniPk.narrowPeak	Dnd41	None	EZH2_(39875)	ChIP Dnd41 EZH2_(39875)
2	wgEncodeAwgTfbsBroadGm12878CtcfUniPk.narrowPeak	GM12878	None	CTCF	ChIP GM12878 CTCF
3	wgEncodeAwgTfbsBroadGm12878Ezh239875UniPk.narrowPeak	GM12878	None	EZH2_(39875)	ChIP GM12878 EZH2_(39875)
4	wgEncodeAwgTfbsBroadH1hescChd1a301218aUniPk.narrowPeak	H1-hESC	None	CHD1_(A301-218A)	ChIP H1-hESC CHD1_(A301-218A)
5	wgEncodeAwgTfbsBroadH1hescCtcfUniPk.narrowPeak	H1-hESC	None	CTCF	ChIP H1-hESC CTCF
6	wgEncodeAwgTfbsBroadH1hescEzh239875UniPk.narrowPeak	H1-hESC	None	EZH2_(39875)	ChIP H1-hESC EZH2_(39875)
7	wgEncodeAwgTfbsBroadH1hescJarid1aab26049UniPk.narrowPeak	H1-hESC	None	JARID1A_(ab26049)	ChIP H1-hESC JARID1A_(ab26049)
8	wgEncodeAwgTfbsBroadH1hescRbbp5a300109aUniPk.narrowPeak	H1-hESC	None	RBBP5_(A300-109A)	ChIP H1-hESC RBBP5_(A300-109A)
9	wgEncodeAwgTfbsBroadHelas3CtcfUniPk.narrowPeak	HeLa-S3	None	CTCF	ChIP HeLa-S3 CTCF
10	wgEncodeAwgTfbsBroadHelas3Ezh239875UniPk.narrowPeak	HeLa-S3	None	EZH2_(39875)	ChIP HeLa-S3 EZH2_(39875)
11	wgEncodeAwgTfbsBroadHelas3Pol2bUniPk.narrowPeak	HeLa-S3	None	Pol2(b)	ChIP HeLa-S3 Pol2(b)
12	wgEncodeAwgTfbsBroadHepg2CtcfUniPk.narrowPeak	HepG2	None	CTCF	ChIP HepG2 CTCF
13	wgEncodeAwgTfbsBroadHepg2Ezh239875UniPk.narrowPeak	HepG2	None	EZH2_(39875)	ChIP HepG2 EZH2_(39875)
14	wgEncodeAwgTfbsBroadHmecCtcfUniPk.narrowPeak	HMEC	None	CTCF	ChIP HMEC CTCF
15	wgEncodeAwgTfbsBroadHmecEzh239875UniPk.narrowPeak	HMEC	None	EZH2_(39875)	ChIP HMEC EZH2_(39875)
16	wgEncodeAwgTfbsBroadHsmmCtcfUniPk.narrowPeak	HSMM	None	CTCF	ChIP HSMM CTCF
17	wgEncodeAwgTfbsBroadHsmmEzh239875UniPk.narrowPeak	HSMM	None	EZH2_(39875)	ChIP HSMM EZH2_(39875)
18	wgEncodeAwgTfbsBroadHsmmtCtcfUniPk.narrowPeak	HSMMtube	None	CTCF	ChIP HSMMtube CTCF
19	wgEncodeAwgTfbsBroadHsmmtEzh239875UniPk.narrowPeak	HSMMtube	None	EZH2_(39875)	ChIP HSMMtube EZH2_(39875)
20	wgEncodeAwgTfbsBroadHuvecCtcfUniPk.narrowPeak	HUVEC	None	CTCF	ChIP HUVEC CTCF
21	wgEncodeAwgTfbsBroadHuvecEzh239875UniPk.narrowPeak	HUVEC	None	EZH2_(39875)	ChIP HUVEC EZH2_(39875)
22	wgEncodeAwgTfbsBroadHuvecPol2bUniPk.narrowPeak	HUVEC	None	Pol2(b)	ChIP HUVEC Pol2(b)
23	wgEncodeAwgTfbsBroadK562Chd1a301218aUniPk.narrowPeak	K562	None	CHD1_(A301-218A)	ChIP K562 CHD1_(A301-218A)
24	wgEncodeAwgTfbsBroadK562CtcfUniPk.narrowPeak	K562	None	CTCF	ChIP K562 CTCF
25	wgEncodeAwgTfbsBroadK562Ezh239875UniPk.narrowPeak	K562	None	EZH2_(39875)	ChIP K562 EZH2_(39875)
26	wgEncodeAwgTfbsBroadK562Hdac1sc6298UniPk.narrowPeak	K562	None	HDAC1_(SC-6298)	ChIP K562 HDAC1_(SC-6298)
27	wgEncodeAwgTfbsBroadK562Hdac2a300705aUniPk.narrowPeak	K562	None	HDAC2_(A300-705A)	ChIP K562 HDAC2_(A300-705A)
28	wgEncodeAwgTfbsBroadK562Hdac6a301341aUniPk.narrowPeak	K562	None	HDAC6_(A301-341A)	ChIP K562 HDAC6_(A301-341A)
29	wgEncodeAwgTfbsBroadK562P300UniPk.narrowPeak	K562	None	p300	ChIP K562 p300
30	wgEncodeAwgTfbsBroadK562Phf8a301772aUniPk.narrowPeak	K562	None	PHF8_(A301-772A)	ChIP K562 PHF8_(A301-772A)
31	wgEncodeAwgTfbsBroadK562Plu1UniPk.narrowPeak	K562	None	PLU1	ChIP K562 PLU1
32	wgEncodeAwgTfbsBroadK562Pol2bUniPk.narrowPeak	K562	None	Pol2(b)	ChIP K562 Pol2(b)
33	wgEncodeAwgTfbsBroadK562Rbbp5a300109aUniPk.narrowPeak	K562	None	RBBP5_(A300-109A)	ChIP K562 RBBP5_(A300-109A)
34	wgEncodeAwgTfbsBroadK562Sap3039731UniPk.narrowPeak	K562	None	SAP30_(39731)	ChIP K562 SAP30_(39731)
35	wgEncodeAwgTfbsBroadNhaCtcfUniPk.narrowPeak	NH-A	None	CTCF	ChIP NH-A CTCF
36	wgEncodeAwgTfbsBroadNhaEzh239875UniPk.narrowPeak	NH-A	None	EZH2_(39875)	ChIP NH-A EZH2_(39875)
37	wgEncodeAwgTfbsBroadNhdfadCtcfUniPk.narrowPeak	NHDF-Ad	None	CTCF	ChIP NHDF-Ad CTCF
38	wgEncodeAwgTfbsBroadNhdfadEzh239875UniPk.narrowPeak	NHDF-Ad	None	EZH2_(39875)	ChIP NHDF-Ad EZH2_(39875)
39	wgEncodeAwgTfbsBroadNhekCtcfUniPk.narrowPeak	NHEK	None	CTCF	ChIP NHEK CTCF
40	wgEncodeAwgTfbsBroadNhekEzh239875UniPk.narrowPeak	NHEK	None	EZH2_(39875)	ChIP NHEK EZH2_(39875)
41	wgEncodeAwgTfbsBroadNhekPol2bUniPk.narrowPeak	NHEK	None	Pol2(b)	ChIP NHEK Pol2(b)
42	wgEncodeAwgTfbsBroadNhlfCtcfUniPk.narrowPeak	NHLF	None	CTCF	ChIP NHLF CTCF
43	wgEncodeAwgTfbsBroadNhlfEzh239875UniPk.narrowPeak	NHLF	None	EZH2_(39875)	ChIP NHLF EZH2_(39875)
44	wgEncodeAwgTfbsBroadOsteoblCtcfUniPk.narrowPeak	Osteobl	None	CTCF	ChIP Osteobl CTCF
45	wgEncodeAwgTfbsHaibA549Atf3V0422111Etoh02UniPk.narrowPeak	A549	EtOH_0.02pct	ATF3	ChIP A549 ATF3
46	wgEncodeAwgTfbsHaibA549Bcl3V0422111Etoh02UniPk.narrowPeak	A549	EtOH_0.02pct	BCL3	ChIP A549 BCL3
47	wgEncodeAwgTfbsHaibA549Creb1sc240V0416102Dex100nmUniPk.narrowPeak	A549	DEX_100nM	CREB1_(SC-240)	ChIP A549 CREB1_(SC-240)
48	wgEncodeAwgTfbsHaibA549Ctcfsc5916Pcr1xDex100nmUniPk.narrowPeak	A549	DEX_100nM	CTCF_(SC-5916)	ChIP A549 CTCF_(SC-5916)
49	wgEncodeAwgTfbsHaibA549Ctcfsc5916Pcr1xEtoh02UniPk.narrowPeak	A549	EtOH_0.02pct	CTCF_(SC-5916)	ChIP A549 CTCF_(SC-5916)
50	wgEncodeAwgTfbsHaibA549Elf1V0422111Etoh02UniPk.narrowPeak	A549	EtOH_0.02pct	ELF1_(SC-631)	ChIP A549 ELF1_(SC-631)
51	wgEncodeAwgTfbsHaibA549Ets1V0422111Etoh02UniPk.narrowPeak	A549	EtOH_0.02pct	ETS1	ChIP A549 ETS1
52	wgEncodeAwgTfbsHaibA549Fosl2V0422111Etoh02UniPk.narrowPeak	A549	EtOH_0.02pct	FOSL2	ChIP A549 FOSL2
53	wgEncodeAwgTfbsHaibA549Foxa1V0416102Dex100nmUniPk.narrowPeak	A549	DEX_100nM	FOXA1_(SC-101058)	ChIP A549 FOXA1_(SC-101058)
54	wgEncodeAwgTfbsHaibA549GabpV0422111Etoh02UniPk.narrowPeak	A549	EtOH_0.02pct	GABP	ChIP A549 GABP
55	wgEncodeAwgTfbsHaibA549GrPcr1xDex500pmUniPk.narrowPeak	A549	DEX_500pM	GR	ChIP A549 GR
56	wgEncodeAwgTfbsHaibA549GrPcr1xDex50nmUniPk.narrowPeak	A549	DEX_50nM	GR	ChIP A549 GR
57	wgEncodeAwgTfbsHaibA549GrPcr1xDex5nmUniPk.narrowPeak	A549	DEX_5nM	GR	ChIP A549 GR
58	wgEncodeAwgTfbsHaibA549GrPcr2xDex100nmUniPk.narrowPeak	A549	DEX_100nM	GR	ChIP A549 GR
59	wgEncodeAwgTfbsHaibA549NrsfV0422111Etoh02UniPk.narrowPeak	A549	EtOH_0.02pct	NRSF	ChIP A549 NRSF
60	wgEncodeAwgTfbsHaibA549P300V0422111Etoh02UniPk.narrowPeak	A549	EtOH_0.02pct	p300	ChIP A549 p300
61	wgEncodeAwgTfbsHaibA549Pol2Pcr2xDex100nmUniPk.narrowPeak	A549	DEX_100nM	Pol2	ChIP A549 Pol2
62	wgEncodeAwgTfbsHaibA549Pol2Pcr2xEtoh02UniPk.narrowPeak	A549	EtOH_0.02pct	Pol2	ChIP A549 Pol2
63	wgEncodeAwgTfbsHaibA549Sin3ak20V0422111Etoh02UniPk.narrowPeak	A549	EtOH_0.02pct	Sin3Ak-20	ChIP A549 Sin3Ak-20
64	wgEncodeAwgTfbsHaibA549Six5V0422111Etoh02UniPk.narrowPeak	A549	EtOH_0.02pct	SIX5	ChIP A549 SIX5
65	wgEncodeAwgTfbsHaibA549Taf1V0422111Etoh02UniPk.narrowPeak	A549	EtOH_0.02pct	TAF1	ChIP A549 TAF1
66	wgEncodeAwgTfbsHaibA549Tcf12V0422111Etoh02UniPk.narrowPeak	A549	EtOH_0.02pct	TCF12	ChIP A549 TCF12
67	wgEncodeAwgTfbsHaibA549Usf1Pcr1xDex100nmUniPk.narrowPeak	A549	DEX_100nM	USF-1	ChIP A549 USF-1
68	wgEncodeAwgTfbsHaibA549Usf1Pcr1xEtoh02UniPk.narrowPeak	A549	EtOH_0.02pct	USF-1	ChIP A549 USF-1
69	wgEncodeAwgTfbsHaibA549Usf1V0422111Etoh02UniPk.narrowPeak	A549	EtOH_0.02pct	USF-1	ChIP A549 USF-1
70	wgEncodeAwgTfbsHaibA549Yy1cV0422111Etoh02UniPk.narrowPeak	A549	EtOH_0.02pct	YY1_(SC-281)	ChIP A549 YY1_(SC-281)
71	wgEncodeAwgTfbsHaibA549Zbtb33V0422111Etoh02UniPk.narrowPeak	A549	EtOH_0.02pct	ZBTB33	ChIP A549 ZBTB33
72	wgEncodeAwgTfbsHaibEcc1CtcfcV0416102Dm002p1hUniPk.narrowPeak	ECC-1	DMSO_0.02pct	CTCF_(SC-5916)	ChIP ECC-1 CTCF_(SC-5916)
73	wgEncodeAwgTfbsHaibEcc1EraaV0416102Bpa1hUniPk.narrowPeak	ECC-1	BPA_100nM	ERalpha_a	ChIP ECC-1 ERalpha_a
74	wgEncodeAwgTfbsHaibEcc1EralphaaV0416102Est10nm1hUniPk.narrowPeak	ECC-1	Estradiol_10nM	ERalpha_a	ChIP ECC-1 ERalpha_a
75	wgEncodeAwgTfbsHaibEcc1EralphaaV0416102Gen1hUniPk.narrowPeak	ECC-1	Genistein_100nM	ERalpha_a	ChIP ECC-1 ERalpha_a
76	wgEncodeAwgTfbsHaibEcc1Foxa1sc6553V0416102Dm002p1hUniPk.narrowPeak	ECC-1	DMSO_0.02pct	FOXA1_(SC-6553)	ChIP ECC-1 FOXA1_(SC-6553)
77	wgEncodeAwgTfbsHaibEcc1GrV0416102Dex100nmUniPk.narrowPeak	ECC-1	DEX_100nM	GR	ChIP ECC-1 GR
78	wgEncodeAwgTfbsHaibEcc1Pol2V0416102Dm002p1hUniPk.narrowPeak	ECC-1	DMSO_0.02pct	Pol2	ChIP ECC-1 Pol2
79	wgEncodeAwgTfbsHaibGm12878Atf2sc81188V0422111UniPk.narrowPeak	GM12878	None	ATF2_(SC-81188)	ChIP GM12878 ATF2_(SC-81188)
80	wgEncodeAwgTfbsHaibGm12878Atf3Pcr1xUniPk.narrowPeak	GM12878	None	ATF3	ChIP GM12878 ATF3
81	wgEncodeAwgTfbsHaibGm12878BatfPcr1xUniPk.narrowPeak	GM12878	None	BATF	ChIP GM12878 BATF
82	wgEncodeAwgTfbsHaibGm12878Bcl11aPcr1xUniPk.narrowPeak	GM12878	None	BCL11A	ChIP GM12878 BCL11A
83	wgEncodeAwgTfbsHaibGm12878Bcl3V0416101UniPk.narrowPeak	GM12878	None	BCL3	ChIP GM12878 BCL3
84	wgEncodeAwgTfbsHaibGm12878Bclaf101388V0416101UniPk.narrowPeak	GM12878	None	BCLAF1_(SC-101388)	ChIP GM12878 BCLAF1_(SC-101388)
85	wgEncodeAwgTfbsHaibGm12878Cebpbsc150V0422111UniPk.narrowPeak	GM12878	None	CEBPB_(SC-150)	ChIP GM12878 CEBPB_(SC-150)
86	wgEncodeAwgTfbsHaibGm12878Ebf1sc137065Pcr1xUniPk.narrowPeak	GM12878	None	EBF1_(SC-137065)	ChIP GM12878 EBF1_(SC-137065)
87	wgEncodeAwgTfbsHaibGm12878Egr1Pcr2xUniPk.narrowPeak	GM12878	None	Egr-1	ChIP GM12878 Egr-1
88	wgEncodeAwgTfbsHaibGm12878Elf1sc631V0416101UniPk.narrowPeak	GM12878	None	ELF1_(SC-631)	ChIP GM12878 ELF1_(SC-631)
89	wgEncodeAwgTfbsHaibGm12878Ets1Pcr1xUniPk.narrowPeak	GM12878	None	ETS1	ChIP GM12878 ETS1
90	wgEncodeAwgTfbsHaibGm12878Foxm1sc502V0422111UniPk.narrowPeak	GM12878	None	FOXM1_(SC-502)	ChIP GM12878 FOXM1_(SC-502)
91	wgEncodeAwgTfbsHaibGm12878GabpPcr2xUniPk.narrowPeak	GM12878	None	GABP	ChIP GM12878 GABP
92	wgEncodeAwgTfbsHaibGm12878Irf4sc6059Pcr1xUniPk.narrowPeak	GM12878	None	IRF4_(SC-6059)	ChIP GM12878 IRF4_(SC-6059)
93	wgEncodeAwgTfbsHaibGm12878Mef2aPcr1xUniPk.narrowPeak	GM12878	None	MEF2A	ChIP GM12878 MEF2A
94	wgEncodeAwgTfbsHaibGm12878Mef2csc13268V0416101UniPk.narrowPeak	GM12878	None	MEF2C_(SC-13268)	ChIP GM12878 MEF2C_(SC-13268)
95	wgEncodeAwgTfbsHaibGm12878Mta3sc81325V0422111UniPk.narrowPeak	GM12878	None	MTA3_(SC-81325)	ChIP GM12878 MTA3_(SC-81325)
96	wgEncodeAwgTfbsHaibGm12878Nfatc1sc17834V0422111UniPk.narrowPeak	GM12878	None	NFATC1_(SC-17834)	ChIP GM12878 NFATC1_(SC-17834)
97	wgEncodeAwgTfbsHaibGm12878Nficsc81335V0422111UniPk.narrowPeak	GM12878	None	NFIC_(SC-81335)	ChIP GM12878 NFIC_(SC-81335)
98	wgEncodeAwgTfbsHaibGm12878NrsfPcr1xUniPk.narrowPeak	GM12878	None	NRSF	ChIP GM12878 NRSF
99	wgEncodeAwgTfbsHaibGm12878P300Pcr1xUniPk.narrowPeak	GM12878	None	p300	ChIP GM12878 p300
100	wgEncodeAwgTfbsHaibGm12878Pax5c20Pcr1xUniPk.narrowPeak	GM12878	None	PAX5-C20	ChIP GM12878 PAX5-C20
101	wgEncodeAwgTfbsHaibGm12878Pax5n19Pcr1xUniPk.narrowPeak	GM12878	None	PAX5-N19	ChIP GM12878 PAX5-N19
102	wgEncodeAwgTfbsHaibGm12878Pbx3Pcr1xUniPk.narrowPeak	GM12878	None	Pbx3	ChIP GM12878 Pbx3
103	wgEncodeAwgTfbsHaibGm12878Pmlsc71910V0422111UniPk.narrowPeak	GM12878	None	PML_(SC-71910)	ChIP GM12878 PML_(SC-71910)
104	wgEncodeAwgTfbsHaibGm12878Pol24h8Pcr1xUniPk.narrowPeak	GM12878	None	Pol2-4H8	ChIP GM12878 Pol2-4H8
105	wgEncodeAwgTfbsHaibGm12878Pol2Pcr2xUniPk.narrowPeak	GM12878	None	Pol2	ChIP GM12878 Pol2
106	wgEncodeAwgTfbsHaibGm12878Pou2f2Pcr1xUniPk.narrowPeak	GM12878	None	POU2F2	ChIP GM12878 POU2F2
107	wgEncodeAwgTfbsHaibGm12878Pu1Pcr1xUniPk.narrowPeak	GM12878	None	PU.1	ChIP GM12878 PU.1
108	wgEncodeAwgTfbsHaibGm12878Rad21V0416101UniPk.narrowPeak	GM12878	None	Rad21	ChIP GM12878 Rad21
109	wgEncodeAwgTfbsHaibGm12878Runx3sc101553V0422111UniPk.narrowPeak	GM12878	None	RUNX3_(SC-101553)	ChIP GM12878 RUNX3_(SC-101553)
110	wgEncodeAwgTfbsHaibGm12878RxraPcr1xUniPk.narrowPeak	GM12878	None	RXRA	ChIP GM12878 RXRA
111	wgEncodeAwgTfbsHaibGm12878Six5Pcr1xUniPk.narrowPeak	GM12878	None	SIX5	ChIP GM12878 SIX5
112	wgEncodeAwgTfbsHaibGm12878Sp1Pcr1xUniPk.narrowPeak	GM12878	None	SP1	ChIP GM12878 SP1
113	wgEncodeAwgTfbsHaibGm12878SrfPcr2xUniPk.narrowPeak	GM12878	None	SRF	ChIP GM12878 SRF
114	wgEncodeAwgTfbsHaibGm12878Stat5asc74442V0422111UniPk.narrowPeak	GM12878	None	STAT5A_(SC-74442)	ChIP GM12878 STAT5A_(SC-74442)
115	wgEncodeAwgTfbsHaibGm12878Taf1Pcr1xUniPk.narrowPeak	GM12878	None	TAF1	ChIP GM12878 TAF1
116	wgEncodeAwgTfbsHaibGm12878Tcf12Pcr1xUniPk.narrowPeak	GM12878	None	TCF12	ChIP GM12878 TCF12
117	wgEncodeAwgTfbsHaibGm12878Tcf3Pcr1xUniPk.narrowPeak	GM12878	None	TCF3_(SC-349)	ChIP GM12878 TCF3_(SC-349)
118	wgEncodeAwgTfbsHaibGm12878Usf1Pcr2xUniPk.narrowPeak	GM12878	None	USF-1	ChIP GM12878 USF-1
119	wgEncodeAwgTfbsHaibGm12878Yy1sc281Pcr1xUniPk.narrowPeak	GM12878	None	YY1_(SC-281)	ChIP GM12878 YY1_(SC-281)
120	wgEncodeAwgTfbsHaibGm12878Zbtb33Pcr1xUniPk.narrowPeak	GM12878	None	ZBTB33	ChIP GM12878 ZBTB33
121	wgEncodeAwgTfbsHaibGm12878Zeb1sc25388V0416102UniPk.narrowPeak	GM12878	None	ZEB1_(SC-25388)	ChIP GM12878 ZEB1_(SC-25388)
122	wgEncodeAwgTfbsHaibGm12891Pax5c20V0416101UniPk.narrowPeak	GM12891	None	PAX5-C20	ChIP GM12891 PAX5-C20
123	wgEncodeAwgTfbsHaibGm12891Pol24h8Pcr1xUniPk.narrowPeak	GM12891	None	Pol2-4H8	ChIP GM12891 Pol2-4H8
124	wgEncodeAwgTfbsHaibGm12891Pol2Pcr1xUniPk.narrowPeak	GM12891	None	Pol2	ChIP GM12891 Pol2
125	wgEncodeAwgTfbsHaibGm12891Pou2f2Pcr1xUniPk.narrowPeak	GM12891	None	POU2F2	ChIP GM12891 POU2F2
126	wgEncodeAwgTfbsHaibGm12891Pu1Pcr1xUniPk.narrowPeak	GM12891	None	PU.1	ChIP GM12891 PU.1
127	wgEncodeAwgTfbsHaibGm12891Taf1Pcr1xUniPk.narrowPeak	GM12891	None	TAF1	ChIP GM12891 TAF1
128	wgEncodeAwgTfbsHaibGm12891Yy1sc281V0416101UniPk.narrowPeak	GM12891	None	YY1_(SC-281)	ChIP GM12891 YY1_(SC-281)
129	wgEncodeAwgTfbsHaibGm12892Pax5c20V0416101UniPk.narrowPeak	GM12892	None	PAX5-C20	ChIP GM12892 PAX5-C20
130	wgEncodeAwgTfbsHaibGm12892Pol24h8V0416102UniPk.narrowPeak	GM12892	None	Pol2-4H8	ChIP GM12892 Pol2-4H8
131	wgEncodeAwgTfbsHaibGm12892Pol2V0416102UniPk.narrowPeak	GM12892	None	Pol2	ChIP GM12892 Pol2
132	wgEncodeAwgTfbsHaibGm12892Taf1V0416102UniPk.narrowPeak	GM12892	None	TAF1	ChIP GM12892 TAF1
133	wgEncodeAwgTfbsHaibGm12892Yy1V0416101UniPk.narrowPeak	GM12892	None	YY1	ChIP GM12892 YY1
134	wgEncodeAwgTfbsHaibH1hescAtf2sc81188V0422111UniPk.narrowPeak	H1-hESC	None	ATF2_(SC-81188)	ChIP H1-hESC ATF2_(SC-81188)
135	wgEncodeAwgTfbsHaibH1hescAtf3V0416102UniPk.narrowPeak	H1-hESC	None	ATF3	ChIP H1-hESC ATF3
136	wgEncodeAwgTfbsHaibH1hescBcl11aPcr1xUniPk.narrowPeak	H1-hESC	None	BCL11A	ChIP H1-hESC BCL11A
137	wgEncodeAwgTfbsHaibH1hescCtcfsc5916V0416102UniPk.narrowPeak	H1-hESC	None	CTCF_(SC-5916)	ChIP H1-hESC CTCF_(SC-5916)
138	wgEncodeAwgTfbsHaibH1hescEgr1V0416102UniPk.narrowPeak	H1-hESC	None	Egr-1	ChIP H1-hESC Egr-1
139	wgEncodeAwgTfbsHaibH1hescFosl1sc183V0416102UniPk.narrowPeak	H1-hESC	None	FOSL1_(SC-183)	ChIP H1-hESC FOSL1_(SC-183)
140	wgEncodeAwgTfbsHaibH1hescGabpPcr1xUniPk.narrowPeak	H1-hESC	None	GABP	ChIP H1-hESC GABP
141	wgEncodeAwgTfbsHaibH1hescHdac2sc6296V0416102UniPk.narrowPeak	H1-hESC	None	HDAC2_(SC-6296)	ChIP H1-hESC HDAC2_(SC-6296)
142	wgEncodeAwgTfbsHaibH1hescJundV0416102UniPk.narrowPeak	H1-hESC	None	JunD	ChIP H1-hESC JunD
143	wgEncodeAwgTfbsHaibH1hescNanogsc33759V0416102UniPk.narrowPeak	H1-hESC	None	NANOG_(SC-33759)	ChIP H1-hESC NANOG_(SC-33759)
144	wgEncodeAwgTfbsHaibH1hescNrsfV0416102UniPk.narrowPeak	H1-hESC	None	NRSF	ChIP H1-hESC NRSF
145	wgEncodeAwgTfbsHaibH1hescP300V0416102UniPk.narrowPeak	H1-hESC	None	p300	ChIP H1-hESC p300
146	wgEncodeAwgTfbsHaibH1hescPol24h8V0416102UniPk.narrowPeak	H1-hESC	None	Pol2-4H8	ChIP H1-hESC Pol2-4H8
147	wgEncodeAwgTfbsHaibH1hescPol2V0416102UniPk.narrowPeak	H1-hESC	None	Pol2	ChIP H1-hESC Pol2
148	wgEncodeAwgTfbsHaibH1hescPou5f1sc9081V0416102UniPk.narrowPeak	H1-hESC	None	POU5F1_(SC-9081)	ChIP H1-hESC POU5F1_(SC-9081)
149	wgEncodeAwgTfbsHaibH1hescRad21V0416102UniPk.narrowPeak	H1-hESC	None	Rad21	ChIP H1-hESC Rad21
150	wgEncodeAwgTfbsHaibH1hescRxraV0416102UniPk.narrowPeak	H1-hESC	None	RXRA	ChIP H1-hESC RXRA
151	wgEncodeAwgTfbsHaibH1hescSin3ak20Pcr1xUniPk.narrowPeak	H1-hESC	None	Sin3Ak-20	ChIP H1-hESC Sin3Ak-20
152	wgEncodeAwgTfbsHaibH1hescSix5Pcr1xUniPk.narrowPeak	H1-hESC	None	SIX5	ChIP H1-hESC SIX5
153	wgEncodeAwgTfbsHaibH1hescSp1Pcr1xUniPk.narrowPeak	H1-hESC	None	SP1	ChIP H1-hESC SP1
154	wgEncodeAwgTfbsHaibH1hescSp2V0422111UniPk.narrowPeak	H1-hESC	None	SP2_(SC-643)	ChIP H1-hESC SP2_(SC-643)
155	wgEncodeAwgTfbsHaibH1hescSp4v20V0422111UniPk.narrowPeak	H1-hESC	None	SP4_(V-20)	ChIP H1-hESC SP4_(V-20)
156	wgEncodeAwgTfbsHaibH1hescSrfPcr1xUniPk.narrowPeak	H1-hESC	None	SRF	ChIP H1-hESC SRF
157	wgEncodeAwgTfbsHaibH1hescTaf1V0416102UniPk.narrowPeak	H1-hESC	None	TAF1	ChIP H1-hESC TAF1
158	wgEncodeAwgTfbsHaibH1hescTaf7sc101167V0416102UniPk.narrowPeak	H1-hESC	None	TAF7_(SC-101167)	ChIP H1-hESC TAF7_(SC-101167)
159	wgEncodeAwgTfbsHaibH1hescTcf12Pcr1xUniPk.narrowPeak	H1-hESC	None	TCF12	ChIP H1-hESC TCF12
160	wgEncodeAwgTfbsHaibH1hescTead4sc101184V0422111UniPk.narrowPeak	H1-hESC	None	TEAD4_(SC-101184)	ChIP H1-hESC TEAD4_(SC-101184)
161	wgEncodeAwgTfbsHaibH1hescUsf1Pcr1xUniPk.narrowPeak	H1-hESC	None	USF-1	ChIP H1-hESC USF-1
162	wgEncodeAwgTfbsHaibH1hescYy1sc281V0416102UniPk.narrowPeak	H1-hESC	None	YY1_(SC-281)	ChIP H1-hESC YY1_(SC-281)
163	wgEncodeAwgTfbsHaibHct116Pol24h8V0416101UniPk.narrowPeak	HCT-116	None	Pol2-4H8	ChIP HCT-116 Pol2-4H8
164	wgEncodeAwgTfbsHaibHct116Yy1sc281V0416101UniPk.narrowPeak	HCT-116	None	YY1_(SC-281)	ChIP HCT-116 YY1_(SC-281)
165	wgEncodeAwgTfbsHaibHct116Zbtb33V0416101UniPk.narrowPeak	HCT-116	None	ZBTB33	ChIP HCT-116 ZBTB33
166	wgEncodeAwgTfbsHaibHelas3GabpPcr1xUniPk.narrowPeak	HeLa-S3	None	GABP	ChIP HeLa-S3 GABP
167	wgEncodeAwgTfbsHaibHelas3NrsfPcr1xUniPk.narrowPeak	HeLa-S3	None	NRSF	ChIP HeLa-S3 NRSF
168	wgEncodeAwgTfbsHaibHelas3Pol2Pcr1xUniPk.narrowPeak	HeLa-S3	None	Pol2	ChIP HeLa-S3 Pol2
169	wgEncodeAwgTfbsHaibHelas3Taf1Pcr1xUniPk.narrowPeak	HeLa-S3	None	TAF1	ChIP HeLa-S3 TAF1
170	wgEncodeAwgTfbsHaibHepg2Atf3V0416101UniPk.narrowPeak	HepG2	None	ATF3	ChIP HepG2 ATF3
171	wgEncodeAwgTfbsHaibHepg2Bhlhe40V0416101UniPk.narrowPeak	HepG2	None	BHLHE40	ChIP HepG2 BHLHE40
172	wgEncodeAwgTfbsHaibHepg2Cebpbsc150V0416101UniPk.narrowPeak	HepG2	None	CEBPB_(SC-150)	ChIP HepG2 CEBPB_(SC-150)
173	wgEncodeAwgTfbsHaibHepg2Cebpdsc636V0416101UniPk.narrowPeak	HepG2	None	CEBPD_(SC-636)	ChIP HepG2 CEBPD_(SC-636)
174	wgEncodeAwgTfbsHaibHepg2Ctcfsc5916V0416101UniPk.narrowPeak	HepG2	None	CTCF_(SC-5916)	ChIP HepG2 CTCF_(SC-5916)
175	wgEncodeAwgTfbsHaibHepg2Elf1sc631V0416101UniPk.narrowPeak	HepG2	None	ELF1_(SC-631)	ChIP HepG2 ELF1_(SC-631)
176	wgEncodeAwgTfbsHaibHepg2Fosl2V0416101UniPk.narrowPeak	HepG2	None	FOSL2	ChIP HepG2 FOSL2
177	wgEncodeAwgTfbsHaibHepg2Foxa1sc101058V0416101UniPk.narrowPeak	HepG2	None	FOXA1_(SC-101058)	ChIP HepG2 FOXA1_(SC-101058)
178	wgEncodeAwgTfbsHaibHepg2Foxa1sc6553V0416101UniPk.narrowPeak	HepG2	None	FOXA1_(SC-6553)	ChIP HepG2 FOXA1_(SC-6553)
179	wgEncodeAwgTfbsHaibHepg2Foxa2sc6554V0416101UniPk.narrowPeak	HepG2	None	FOXA2_(SC-6554)	ChIP HepG2 FOXA2_(SC-6554)
180	wgEncodeAwgTfbsHaibHepg2GabpPcr2xUniPk.narrowPeak	HepG2	None	GABP	ChIP HepG2 GABP
181	wgEncodeAwgTfbsHaibHepg2Hdac2sc6296V0416101UniPk.narrowPeak	HepG2	None	HDAC2_(SC-6296)	ChIP HepG2 HDAC2_(SC-6296)
182	wgEncodeAwgTfbsHaibHepg2Hnf4asc8987V0416101UniPk.narrowPeak	HepG2	None	HNF4A_(SC-8987)	ChIP HepG2 HNF4A_(SC-8987)
183	wgEncodeAwgTfbsHaibHepg2Hnf4gsc6558V0416101UniPk.narrowPeak	HepG2	None	HNF4G_(SC-6558)	ChIP HepG2 HNF4G_(SC-6558)
184	wgEncodeAwgTfbsHaibHepg2JundPcr1xUniPk.narrowPeak	HepG2	None	JunD	ChIP HepG2 JunD
185	wgEncodeAwgTfbsHaibHepg2Mbd4sc271530V0422111UniPk.narrowPeak	HepG2	None	MBD4_(SC-271530)	ChIP HepG2 MBD4_(SC-271530)
186	wgEncodeAwgTfbsHaibHepg2Mybl2sc81192V0422111UniPk.narrowPeak	HepG2	None	MYBL2_(SC-81192)	ChIP HepG2 MYBL2_(SC-81192)
187	wgEncodeAwgTfbsHaibHepg2Nficsc81335V0422111UniPk.narrowPeak	HepG2	None	NFIC_(SC-81335)	ChIP HepG2 NFIC_(SC-81335)
188	wgEncodeAwgTfbsHaibHepg2NrsfPcr2xUniPk.narrowPeak	HepG2	None	NRSF	ChIP HepG2 NRSF
189	wgEncodeAwgTfbsHaibHepg2NrsfV0416101UniPk.narrowPeak	HepG2	None	NRSF	ChIP HepG2 NRSF
190	wgEncodeAwgTfbsHaibHepg2P300V0416101UniPk.narrowPeak	HepG2	None	p300	ChIP HepG2 p300
191	wgEncodeAwgTfbsHaibHepg2Pol24h8V0416102UniPk.narrowPeak	HepG2	None	Pol2-4H8	ChIP HepG2 Pol2-4H8
192	wgEncodeAwgTfbsHaibHepg2Pol2Pcr2xUniPk.narrowPeak	HepG2	None	Pol2	ChIP HepG2 Pol2
193	wgEncodeAwgTfbsHaibHepg2Rad21V0416101UniPk.narrowPeak	HepG2	None	Rad21	ChIP HepG2 Rad21
194	wgEncodeAwgTfbsHaibHepg2RxraPcr1xUniPk.narrowPeak	HepG2	None	RXRA	ChIP HepG2 RXRA
195	wgEncodeAwgTfbsHaibHepg2Sin3ak20Pcr1xUniPk.narrowPeak	HepG2	None	Sin3Ak-20	ChIP HepG2 Sin3Ak-20
196	wgEncodeAwgTfbsHaibHepg2Sp1Pcr1xUniPk.narrowPeak	HepG2	None	SP1	ChIP HepG2 SP1
197	wgEncodeAwgTfbsHaibHepg2Sp2V0422111UniPk.narrowPeak	HepG2	None	SP2_(SC-643)	ChIP HepG2 SP2_(SC-643)
198	wgEncodeAwgTfbsHaibHepg2SrfV0416101UniPk.narrowPeak	HepG2	None	SRF	ChIP HepG2 SRF
199	wgEncodeAwgTfbsHaibHepg2Taf1Pcr2xUniPk.narrowPeak	HepG2	None	TAF1	ChIP HepG2 TAF1
200	wgEncodeAwgTfbsHaibHepg2Tcf12Pcr1xUniPk.narrowPeak	HepG2	None	TCF12	ChIP HepG2 TCF12
201	wgEncodeAwgTfbsHaibHepg2Tead4sc101184V0422111UniPk.narrowPeak	HepG2	None	TEAD4_(SC-101184)	ChIP HepG2 TEAD4_(SC-101184)
202	wgEncodeAwgTfbsHaibHepg2Usf1Pcr1xUniPk.narrowPeak	HepG2	None	USF-1	ChIP HepG2 USF-1
203	wgEncodeAwgTfbsHaibHepg2Yy1sc281V0416101UniPk.narrowPeak	HepG2	None	YY1_(SC-281)	ChIP HepG2 YY1_(SC-281)
204	wgEncodeAwgTfbsHaibHepg2Zbtb33Pcr1xUniPk.narrowPeak	HepG2	None	ZBTB33	ChIP HepG2 ZBTB33
205	wgEncodeAwgTfbsHaibHepg2Zbtb7aV0416101UniPk.narrowPeak	HepG2	None	ZBTB7A_(SC-34508)	ChIP HepG2 ZBTB7A_(SC-34508)
206	wgEncodeAwgTfbsHaibHuvecPol24h8V0416101UniPk.narrowPeak	HUVEC	None	Pol2-4H8	ChIP HUVEC Pol2-4H8
207	wgEncodeAwgTfbsHaibHuvecPol2Pcr1xUniPk.narrowPeak	HUVEC	None	Pol2	ChIP HUVEC Pol2
208	wgEncodeAwgTfbsHaibK562Atf3V0416101UniPk.narrowPeak	K562	None	ATF3	ChIP K562 ATF3
209	wgEncodeAwgTfbsHaibK562Bcl3Pcr1xUniPk.narrowPeak	K562	None	BCL3	ChIP K562 BCL3
210	wgEncodeAwgTfbsHaibK562Bclaf101388Pcr1xUniPk.narrowPeak	K562	None	BCLAF1_(SC-101388)	ChIP K562 BCLAF1_(SC-101388)
211	wgEncodeAwgTfbsHaibK562Cbx3sc101004V0422111UniPk.narrowPeak	K562	None	CBX3_(SC-101004)	ChIP K562 CBX3_(SC-101004)
212	wgEncodeAwgTfbsHaibK562Cebpbsc150V0422111UniPk.narrowPeak	K562	None	CEBPB_(SC-150)	ChIP K562 CEBPB_(SC-150)
213	wgEncodeAwgTfbsHaibK562CtcfcPcr1xUniPk.narrowPeak	K562	None	CTCF_(SC-5916)	ChIP K562 CTCF_(SC-5916)
214	wgEncodeAwgTfbsHaibK562Ctcflsc98982V0416101UniPk.narrowPeak	K562	None	CTCFL_(SC-98982)	ChIP K562 CTCFL_(SC-98982)
215	wgEncodeAwgTfbsHaibK562E2f6V0416102UniPk.narrowPeak	K562	None	E2F6	ChIP K562 E2F6
216	wgEncodeAwgTfbsHaibK562Egr1V0416101UniPk.narrowPeak	K562	None	Egr-1	ChIP K562 Egr-1
217	wgEncodeAwgTfbsHaibK562Elf1sc631V0416102UniPk.narrowPeak	K562	None	ELF1_(SC-631)	ChIP K562 ELF1_(SC-631)
218	wgEncodeAwgTfbsHaibK562Ets1V0416101UniPk.narrowPeak	K562	None	ETS1	ChIP K562 ETS1
219	wgEncodeAwgTfbsHaibK562Fosl1sc183V0416101UniPk.narrowPeak	K562	None	FOSL1_(SC-183)	ChIP K562 FOSL1_(SC-183)
220	wgEncodeAwgTfbsHaibK562GabpV0416101UniPk.narrowPeak	K562	None	GABP	ChIP K562 GABP
221	wgEncodeAwgTfbsHaibK562Gata2sc267Pcr1xUniPk.narrowPeak	K562	None	GATA2_(SC-267)	ChIP K562 GATA2_(SC-267)
222	wgEncodeAwgTfbsHaibK562Hdac2sc6296V0416102UniPk.narrowPeak	K562	None	HDAC2_(SC-6296)	ChIP K562 HDAC2_(SC-6296)
223	wgEncodeAwgTfbsHaibK562MaxV0416102UniPk.narrowPeak	K562	None	Max	ChIP K562 Max
224	wgEncodeAwgTfbsHaibK562Mef2aV0416101UniPk.narrowPeak	K562	None	MEF2A	ChIP K562 MEF2A
225	wgEncodeAwgTfbsHaibK562Nr2f2sc271940V0422111UniPk.narrowPeak	K562	None	NR2F2_(SC-271940)	ChIP K562 NR2F2_(SC-271940)
226	wgEncodeAwgTfbsHaibK562NrsfV0416102UniPk.narrowPeak	K562	None	NRSF	ChIP K562 NRSF
227	wgEncodeAwgTfbsHaibK562Pmlsc71910V0422111UniPk.narrowPeak	K562	None	PML_(SC-71910)	ChIP K562 PML_(SC-71910)
228	wgEncodeAwgTfbsHaibK562Pol24h8V0416101UniPk.narrowPeak	K562	None	Pol2-4H8	ChIP K562 Pol2-4H8
229	wgEncodeAwgTfbsHaibK562Pol2V0416101UniPk.narrowPeak	K562	None	Pol2	ChIP K562 Pol2
230	wgEncodeAwgTfbsHaibK562Pu1Pcr1xUniPk.narrowPeak	K562	None	PU.1	ChIP K562 PU.1
231	wgEncodeAwgTfbsHaibK562Rad21V0416102UniPk.narrowPeak	K562	None	Rad21	ChIP K562 Rad21
232	wgEncodeAwgTfbsHaibK562Sin3ak20V0416101UniPk.narrowPeak	K562	None	Sin3Ak-20	ChIP K562 Sin3Ak-20
233	wgEncodeAwgTfbsHaibK562Six5Pcr1xUniPk.narrowPeak	K562	None	SIX5	ChIP K562 SIX5
234	wgEncodeAwgTfbsHaibK562Sp1Pcr1xUniPk.narrowPeak	K562	None	SP1	ChIP K562 SP1
235	wgEncodeAwgTfbsHaibK562Sp2sc643V0416102UniPk.narrowPeak	K562	None	SP2_(SC-643)	ChIP K562 SP2_(SC-643)
236	wgEncodeAwgTfbsHaibK562SrfV0416101UniPk.narrowPeak	K562	None	SRF	ChIP K562 SRF
237	wgEncodeAwgTfbsHaibK562Stat5asc74442V0422111UniPk.narrowPeak	K562	None	STAT5A_(SC-74442)	ChIP K562 STAT5A_(SC-74442)
238	wgEncodeAwgTfbsHaibK562Taf1V0416101UniPk.narrowPeak	K562	None	TAF1	ChIP K562 TAF1
239	wgEncodeAwgTfbsHaibK562Taf7sc101167V0416101UniPk.narrowPeak	K562	None	TAF7_(SC-101167)	ChIP K562 TAF7_(SC-101167)
240	wgEncodeAwgTfbsHaibK562Tead4sc101184V0422111UniPk.narrowPeak	K562	None	TEAD4_(SC-101184)	ChIP K562 TEAD4_(SC-101184)
241	wgEncodeAwgTfbsHaibK562Thap1sc98174V0416101UniPk.narrowPeak	K562	None	THAP1_(SC-98174)	ChIP K562 THAP1_(SC-98174)
242	wgEncodeAwgTfbsHaibK562Trim28sc81411V0422111UniPk.narrowPeak	K562	None	TRIM28_(SC-81411)	ChIP K562 TRIM28_(SC-81411)
243	wgEncodeAwgTfbsHaibK562Usf1V0416101UniPk.narrowPeak	K562	None	USF-1	ChIP K562 USF-1
244	wgEncodeAwgTfbsHaibK562Yy1V0416101UniPk.narrowPeak	K562	None	YY1_(SC-281)	ChIP K562 YY1_(SC-281)
245	wgEncodeAwgTfbsHaibK562Yy1V0416102UniPk.narrowPeak	K562	None	YY1	ChIP K562 YY1
246	wgEncodeAwgTfbsHaibK562Zbtb33Pcr1xUniPk.narrowPeak	K562	None	ZBTB33	ChIP K562 ZBTB33
247	wgEncodeAwgTfbsHaibK562Zbtb7asc34508V0416101UniPk.narrowPeak	K562	None	ZBTB7A_(SC-34508)	ChIP K562 ZBTB7A_(SC-34508)
248	wgEncodeAwgTfbsHaibPanc1NrsfPcr2xUniPk.narrowPeak	PANC-1	None	NRSF	ChIP PANC-1 NRSF
249	wgEncodeAwgTfbsHaibPanc1Pol24h8V0416101UniPk.narrowPeak	PANC-1	None	Pol2-4H8	ChIP PANC-1 Pol2-4H8
250	wgEncodeAwgTfbsHaibPanc1Sin3ak20V0416101UniPk.narrowPeak	PANC-1	None	Sin3Ak-20	ChIP PANC-1 Sin3Ak-20
251	wgEncodeAwgTfbsHaibPfsk1Foxp2Pcr2xUniPk.narrowPeak	PFSK-1	None	FOXP2	ChIP PFSK-1 FOXP2
252	wgEncodeAwgTfbsHaibPfsk1NrsfPcr2xUniPk.narrowPeak	PFSK-1	None	NRSF	ChIP PFSK-1 NRSF
253	wgEncodeAwgTfbsHaibPfsk1Sin3ak20V0416101UniPk.narrowPeak	PFSK-1	None	Sin3Ak-20	ChIP PFSK-1 Sin3Ak-20
254	wgEncodeAwgTfbsHaibPfsk1Taf1V0416101UniPk.narrowPeak	PFSK-1	None	TAF1	ChIP PFSK-1 TAF1
255	wgEncodeAwgTfbsHaibSknmcFoxp2Pcr2xUniPk.narrowPeak	SK-N-MC	None	FOXP2	ChIP SK-N-MC FOXP2
256	wgEncodeAwgTfbsHaibSknmcPol24h8V0416101UniPk.narrowPeak	SK-N-MC	None	Pol2-4H8	ChIP SK-N-MC Pol2-4H8
257	wgEncodeAwgTfbsHaibSknshNrsfPcr2xUniPk.narrowPeak	SK-N-SH	None	NRSF	ChIP SK-N-SH NRSF
258	wgEncodeAwgTfbsHaibSknshNrsfV0416101UniPk.narrowPeak	SK-N-SH	None	NRSF	ChIP SK-N-SH NRSF
259	wgEncodeAwgTfbsHaibSknshPol24h8V0416101UniPk.narrowPeak	SK-N-SH	None	Pol2-4H8	ChIP SK-N-SH Pol2-4H8
260	wgEncodeAwgTfbsHaibSknshSin3ak20V0416101UniPk.narrowPeak	SK-N-SH	None	Sin3Ak-20	ChIP SK-N-SH Sin3Ak-20
261	wgEncodeAwgTfbsHaibSknshTaf1V0416101UniPk.narrowPeak	SK-N-SH	None	TAF1	ChIP SK-N-SH TAF1
262	wgEncodeAwgTfbsHaibSknshraCtcfV0416102UniPk.narrowPeak	SK-N-SH_RA	None	CTCF	ChIP SK-N-SH_RA CTCF
263	wgEncodeAwgTfbsHaibSknshraP300V0416102UniPk.narrowPeak	SK-N-SH_RA	None	p300	ChIP SK-N-SH_RA p300
264	wgEncodeAwgTfbsHaibSknshraRad21V0416102UniPk.narrowPeak	SK-N-SH_RA	None	Rad21	ChIP SK-N-SH_RA Rad21
265	wgEncodeAwgTfbsHaibSknshraUsf1sc8983V0416102UniPk.narrowPeak	SK-N-SH_RA	None	USF1_(SC-8983)	ChIP SK-N-SH_RA USF1_(SC-8983)
266	wgEncodeAwgTfbsHaibSknshraYy1sc281V0416102UniPk.narrowPeak	SK-N-SH_RA	None	YY1_(SC-281)	ChIP SK-N-SH_RA YY1_(SC-281)
267	wgEncodeAwgTfbsHaibT47dCtcfsc5916V0416102Dm002p1hUniPk.narrowPeak	T-47D	DMSO_0.02pct	CTCF_(SC-5916)	ChIP T-47D CTCF_(SC-5916)
268	wgEncodeAwgTfbsHaibT47dEraaV0416102Bpa1hUniPk.narrowPeak	T-47D	BPA_100nM	ERalpha_a	ChIP T-47D ERalpha_a
269	wgEncodeAwgTfbsHaibT47dEralphaaPcr2xGen1hUniPk.narrowPeak	T-47D	Genistein_100nM	ERalpha_a	ChIP T-47D ERalpha_a
270	wgEncodeAwgTfbsHaibT47dEralphaaV0416102Est10nm1hUniPk.narrowPeak	T-47D	Estradiol_10nM	ERalpha_a	ChIP T-47D ERalpha_a
271	wgEncodeAwgTfbsHaibT47dFoxa1sc6553V0416102Dm002p1hUniPk.narrowPeak	T-47D	DMSO_0.02pct	FOXA1_(SC-6553)	ChIP T-47D FOXA1_(SC-6553)
272	wgEncodeAwgTfbsHaibT47dGata3sc268V0416102Dm002p1hUniPk.narrowPeak	T-47D	DMSO_0.02pct	GATA3_(SC-268)	ChIP T-47D GATA3_(SC-268)
273	wgEncodeAwgTfbsHaibT47dP300V0416102Dm002p1hUniPk.narrowPeak	T-47D	DMSO_0.02pct	p300	ChIP T-47D p300
274	wgEncodeAwgTfbsHaibU87NrsfPcr2xUniPk.narrowPeak	U87	None	NRSF	ChIP U87 NRSF
275	wgEncodeAwgTfbsHaibU87Pol24h8V0416101UniPk.narrowPeak	U87	None	Pol2-4H8	ChIP U87 Pol2-4H8
276	wgEncodeAwgTfbsSydhA549Bhlhe40IggrabUniPk.narrowPeak	A549	None	BHLHE40	ChIP A549 BHLHE40
277	wgEncodeAwgTfbsSydhA549CebpbIggrabUniPk.narrowPeak	A549	None	CEBPB	ChIP A549 CEBPB
278	wgEncodeAwgTfbsSydhA549MaxIggrabUniPk.narrowPeak	A549	None	Max	ChIP A549 Max
279	wgEncodeAwgTfbsSydhA549Pol2s2IggrabUniPk.narrowPeak	A549	None	Pol2(phosphoS2)	ChIP A549 Pol2(phosphoS2)
280	wgEncodeAwgTfbsSydhA549Rad21IggrabUniPk.narrowPeak	A549	None	Rad21	ChIP A549 Rad21
281	wgEncodeAwgTfbsSydhGm08714Znf274UcdUniPk.narrowPeak	GM08714	None	ZNF274	ChIP GM08714 ZNF274
282	wgEncodeAwgTfbsSydhGm10847NfkbTnfaIggrabUniPk.narrowPeak	GM10847	TNFa	NFKB	ChIP GM10847 NFKB
283	wgEncodeAwgTfbsSydhGm10847Pol2IggmusUniPk.narrowPeak	GM10847	None	Pol2	ChIP GM10847 Pol2
284	wgEncodeAwgTfbsSydhGm12878Bhlhe40cIggmusUniPk.narrowPeak	GM12878	None	BHLHE40_(NB100-1800)	ChIP GM12878 BHLHE40_(NB100-1800)
285	wgEncodeAwgTfbsSydhGm12878Brca1a300IggmusUniPk.narrowPeak	GM12878	None	BRCA1_(A300-000A)	ChIP GM12878 BRCA1_(A300-000A)
286	wgEncodeAwgTfbsSydhGm12878CfosUniPk.narrowPeak	GM12878	None	c-Fos	ChIP GM12878 c-Fos
287	wgEncodeAwgTfbsSydhGm12878Chd1a301218aIggmusUniPk.narrowPeak	GM12878	None	CHD1_(A301-218A)	ChIP GM12878 CHD1_(A301-218A)
288	wgEncodeAwgTfbsSydhGm12878Chd2ab68301IggmusUniPk.narrowPeak	GM12878	None	CHD2_(AB68301)	ChIP GM12878 CHD2_(AB68301)
289	wgEncodeAwgTfbsSydhGm12878Corestsc30189IggmusUniPk.narrowPeak	GM12878	None	COREST_(sc-30189)	ChIP GM12878 COREST_(sc-30189)
290	wgEncodeAwgTfbsSydhGm12878Ctcfsc15914c20UniPk.narrowPeak	GM12878	None	CTCF_(SC-15914)	ChIP GM12878 CTCF_(SC-15914)
291	wgEncodeAwgTfbsSydhGm12878E2f4IggmusUniPk.narrowPeak	GM12878	None	E2F4	ChIP GM12878 E2F4
292	wgEncodeAwgTfbsSydhGm12878Ebf1sc137065UniPk.narrowPeak	GM12878	None	EBF1_(SC-137065)	ChIP GM12878 EBF1_(SC-137065)
293	wgEncodeAwgTfbsSydhGm12878Elk112771IggmusUniPk.narrowPeak	GM12878	None	ELK1_(1277-1)	ChIP GM12878 ELK1_(1277-1)
294	wgEncodeAwgTfbsSydhGm12878Ikzf1iknuclaUniPk.narrowPeak	GM12878	None	IKZF1_(IkN)_(UCLA)	ChIP GM12878 IKZF1_(IkN)_(UCLA)
295	wgEncodeAwgTfbsSydhGm12878JundUniPk.narrowPeak	GM12878	None	JunD	ChIP GM12878 JunD
296	wgEncodeAwgTfbsSydhGm12878MaxIggmusUniPk.narrowPeak	GM12878	None	Max	ChIP GM12878 Max
297	wgEncodeAwgTfbsSydhGm12878Mazab85725IggmusUniPk.narrowPeak	GM12878	None	MAZ_(ab85725)	ChIP GM12878 MAZ_(ab85725)
298	wgEncodeAwgTfbsSydhGm12878Mxi1IggmusUniPk.narrowPeak	GM12878	None	Mxi1_(AF4185)	ChIP GM12878 Mxi1_(AF4185)
299	wgEncodeAwgTfbsSydhGm12878Nfe2sc22827UniPk.narrowPeak	GM12878	None	NF-E2_(SC-22827)	ChIP GM12878 NF-E2_(SC-22827)
300	wgEncodeAwgTfbsSydhGm12878NfkbTnfaIggrabUniPk.narrowPeak	GM12878	TNFa	NFKB	ChIP GM12878 NFKB
301	wgEncodeAwgTfbsSydhGm12878NfyaIggmusUniPk.narrowPeak	GM12878	None	NF-YA	ChIP GM12878 NF-YA
302	wgEncodeAwgTfbsSydhGm12878NfybIggmusUniPk.narrowPeak	GM12878	None	NF-YB	ChIP GM12878 NF-YB
303	wgEncodeAwgTfbsSydhGm12878Nrf1IggmusUniPk.narrowPeak	GM12878	None	Nrf1	ChIP GM12878 Nrf1
304	wgEncodeAwgTfbsSydhGm12878P300IggmusUniPk.narrowPeak	GM12878	None	p300	ChIP GM12878 p300
305	wgEncodeAwgTfbsSydhGm12878P300bUniPk.narrowPeak	GM12878	None	p300_(SC-584)	ChIP GM12878 p300_(SC-584)
306	wgEncodeAwgTfbsSydhGm12878Pol2IggmusUniPk.narrowPeak	GM12878	None	Pol2	ChIP GM12878 Pol2
307	wgEncodeAwgTfbsSydhGm12878Pol2UniPk.narrowPeak	GM12878	None	Pol2	ChIP GM12878 Pol2
308	wgEncodeAwgTfbsSydhGm12878Pol2s2IggmusUniPk.narrowPeak	GM12878	None	Pol2(phosphoS2)	ChIP GM12878 Pol2(phosphoS2)
309	wgEncodeAwgTfbsSydhGm12878Pol3UniPk.narrowPeak	GM12878	None	Pol3	ChIP GM12878 Pol3
310	wgEncodeAwgTfbsSydhGm12878Rad21IggrabUniPk.narrowPeak	GM12878	None	Rad21	ChIP GM12878 Rad21
311	wgEncodeAwgTfbsSydhGm12878Rfx5200401194IggmusUniPk.narrowPeak	GM12878	None	RFX5_(200-401-194)	ChIP GM12878 RFX5_(200-401-194)
312	wgEncodeAwgTfbsSydhGm12878Sin3anb6001263IggmusUniPk.narrowPeak	GM12878	None	SIN3A_(NB600-1263)	ChIP GM12878 SIN3A_(NB600-1263)
313	wgEncodeAwgTfbsSydhGm12878Smc3ab9263IggmusUniPk.narrowPeak	GM12878	None	SMC3_(ab9263)	ChIP GM12878 SMC3_(ab9263)
314	wgEncodeAwgTfbsSydhGm12878Stat1UniPk.narrowPeak	GM12878	None	STAT1	ChIP GM12878 STAT1
315	wgEncodeAwgTfbsSydhGm12878Stat3IggmusUniPk.narrowPeak	GM12878	None	STAT3	ChIP GM12878 STAT3
316	wgEncodeAwgTfbsSydhGm12878Tblr1ab24550IggmusUniPk.narrowPeak	GM12878	None	TBLR1_(ab24550)	ChIP GM12878 TBLR1_(ab24550)
317	wgEncodeAwgTfbsSydhGm12878TbpIggmusUniPk.narrowPeak	GM12878	None	TBP	ChIP GM12878 TBP
318	wgEncodeAwgTfbsSydhGm12878Tr4UniPk.narrowPeak	GM12878	None	TR4	ChIP GM12878 TR4
319	wgEncodeAwgTfbsSydhGm12878Usf2IggmusUniPk.narrowPeak	GM12878	None	USF2	ChIP GM12878 USF2
320	wgEncodeAwgTfbsSydhGm12878WhipIggmusUniPk.narrowPeak	GM12878	None	WHIP	ChIP GM12878 WHIP
321	wgEncodeAwgTfbsSydhGm12878Yy1UniPk.narrowPeak	GM12878	None	YY1	ChIP GM12878 YY1
322	wgEncodeAwgTfbsSydhGm12878Znf143166181apUniPk.narrowPeak	GM12878	None	Znf143_(16618-1-AP)	ChIP GM12878 Znf143_(16618-1-AP)
323	wgEncodeAwgTfbsSydhGm12878Znf274UniPk.narrowPeak	GM12878	None	ZNF274	ChIP GM12878 ZNF274
324	wgEncodeAwgTfbsSydhGm12878Zzz3UniPk.narrowPeak	GM12878	None	ZZZ3	ChIP GM12878 ZZZ3
325	wgEncodeAwgTfbsSydhGm12891NfkbTnfaIggrabUniPk.narrowPeak	GM12891	TNFa	NFKB	ChIP GM12891 NFKB
326	wgEncodeAwgTfbsSydhGm12891Pol2IggmusUniPk.narrowPeak	GM12891	None	Pol2	ChIP GM12891 Pol2
327	wgEncodeAwgTfbsSydhGm12892NfkbTnfaIggrabUniPk.narrowPeak	GM12892	TNFa	NFKB	ChIP GM12892 NFKB
328	wgEncodeAwgTfbsSydhGm12892Pol2IggmusUniPk.narrowPeak	GM12892	None	Pol2	ChIP GM12892 Pol2
329	wgEncodeAwgTfbsSydhGm15510NfkbTnfaIggrabUniPk.narrowPeak	GM15510	TNFa	NFKB	ChIP GM15510 NFKB
330	wgEncodeAwgTfbsSydhGm15510Pol2IggmusUniPk.narrowPeak	GM15510	None	Pol2	ChIP GM15510 Pol2
331	wgEncodeAwgTfbsSydhGm18505NfkbTnfaIggrabUniPk.narrowPeak	GM18505	TNFa	NFKB	ChIP GM18505 NFKB
332	wgEncodeAwgTfbsSydhGm18505Pol2IggmusUniPk.narrowPeak	GM18505	None	Pol2	ChIP GM18505 Pol2
333	wgEncodeAwgTfbsSydhGm18526NfkbTnfaIggrabUniPk.narrowPeak	GM18526	TNFa	NFKB	ChIP GM18526 NFKB
334	wgEncodeAwgTfbsSydhGm18526Pol2IggmusUniPk.narrowPeak	GM18526	None	Pol2	ChIP GM18526 Pol2
335	wgEncodeAwgTfbsSydhGm18951NfkbTnfaIggrabUniPk.narrowPeak	GM18951	TNFa	NFKB	ChIP GM18951 NFKB
336	wgEncodeAwgTfbsSydhGm18951Pol2IggmusUniPk.narrowPeak	GM18951	None	Pol2	ChIP GM18951 Pol2
337	wgEncodeAwgTfbsSydhGm19099NfkbTnfaIggrabUniPk.narrowPeak	GM19099	TNFa	NFKB	ChIP GM19099 NFKB
338	wgEncodeAwgTfbsSydhGm19099Pol2IggmusUniPk.narrowPeak	GM19099	None	Pol2	ChIP GM19099 Pol2
339	wgEncodeAwgTfbsSydhGm19193NfkbTnfaIggrabUniPk.narrowPeak	GM19193	TNFa	NFKB	ChIP GM19193 NFKB
340	wgEncodeAwgTfbsSydhGm19193Pol2IggmusUniPk.narrowPeak	GM19193	None	Pol2	ChIP GM19193 Pol2
341	wgEncodeAwgTfbsSydhH1hescBach1sc14700IggrabUniPk.narrowPeak	H1-hESC	None	Bach1_(sc-14700)	ChIP H1-hESC Bach1_(sc-14700)
342	wgEncodeAwgTfbsSydhH1hescBrca1IggrabUniPk.narrowPeak	H1-hESC	None	BRCA1_(A300-000A)	ChIP H1-hESC BRCA1_(A300-000A)
343	wgEncodeAwgTfbsSydhH1hescCebpbIggrabUniPk.narrowPeak	H1-hESC	None	CEBPB	ChIP H1-hESC CEBPB
344	wgEncodeAwgTfbsSydhH1hescChd1a301218aIggrabUniPk.narrowPeak	H1-hESC	None	CHD1_(A301-218A)	ChIP H1-hESC CHD1_(A301-218A)
345	wgEncodeAwgTfbsSydhH1hescChd2IggrabUniPk.narrowPeak	H1-hESC	None	CHD2_(AB68301)	ChIP H1-hESC CHD2_(AB68301)
346	wgEncodeAwgTfbsSydhH1hescCjunIggrabUniPk.narrowPeak	H1-hESC	None	c-Jun	ChIP H1-hESC c-Jun
347	wgEncodeAwgTfbsSydhH1hescCmycIggrabUniPk.narrowPeak	H1-hESC	None	c-Myc	ChIP H1-hESC c-Myc
348	wgEncodeAwgTfbsSydhH1hescCtbp2UcdUniPk.narrowPeak	H1-hESC	None	CtBP2	ChIP H1-hESC CtBP2
349	wgEncodeAwgTfbsSydhH1hescGtf2f1IggrabUniPk.narrowPeak	H1-hESC	None	GTF2F1_(AB28179)	ChIP H1-hESC GTF2F1_(AB28179)
350	wgEncodeAwgTfbsSydhH1hescJundIggrabUniPk.narrowPeak	H1-hESC	None	JunD	ChIP H1-hESC JunD
351	wgEncodeAwgTfbsSydhH1hescMafkIggrabUniPk.narrowPeak	H1-hESC	None	MafK_(ab50322)	ChIP H1-hESC MafK_(ab50322)
352	wgEncodeAwgTfbsSydhH1hescMaxUcdUniPk.narrowPeak	H1-hESC	None	Max	ChIP H1-hESC Max
353	wgEncodeAwgTfbsSydhH1hescMxi1IggrabUniPk.narrowPeak	H1-hESC	None	Mxi1_(AF4185)	ChIP H1-hESC Mxi1_(AF4185)
354	wgEncodeAwgTfbsSydhH1hescNrf1IggrabUniPk.narrowPeak	H1-hESC	None	Nrf1	ChIP H1-hESC Nrf1
355	wgEncodeAwgTfbsSydhH1hescRad21IggrabUniPk.narrowPeak	H1-hESC	None	Rad21	ChIP H1-hESC Rad21
356	wgEncodeAwgTfbsSydhH1hescRfx5200401194IggrabUniPk.narrowPeak	H1-hESC	None	RFX5_(200-401-194)	ChIP H1-hESC RFX5_(200-401-194)
357	wgEncodeAwgTfbsSydhH1hescSin3anb6001263IggrabUniPk.narrowPeak	H1-hESC	None	SIN3A_(NB600-1263)	ChIP H1-hESC SIN3A_(NB600-1263)
358	wgEncodeAwgTfbsSydhH1hescSuz12UcdUniPk.narrowPeak	H1-hESC	None	SUZ12	ChIP H1-hESC SUZ12
359	wgEncodeAwgTfbsSydhH1hescTbpIggrabUniPk.narrowPeak	H1-hESC	None	TBP	ChIP H1-hESC TBP
360	wgEncodeAwgTfbsSydhH1hescUsf2IggrabUniPk.narrowPeak	H1-hESC	None	USF2	ChIP H1-hESC USF2
361	wgEncodeAwgTfbsSydhH1hescZnf143IggrabUniPk.narrowPeak	H1-hESC	None	Znf143_(16618-1-AP)	ChIP H1-hESC Znf143_(16618-1-AP)
362	wgEncodeAwgTfbsSydhHct116Pol2UcdUniPk.narrowPeak	HCT-116	None	Pol2	ChIP HCT-116 Pol2
363	wgEncodeAwgTfbsSydhHct116Tcf7l2UcdUniPk.narrowPeak	HCT-116	None	TCF7L2	ChIP HCT-116 TCF7L2
364	wgEncodeAwgTfbsSydhHek293Elk4UcdUniPk.narrowPeak	HEK293	None	ELK4	ChIP HEK293 ELK4
365	wgEncodeAwgTfbsSydhHek293Kap1UcdUniPk.narrowPeak	HEK293	None	KAP1	ChIP HEK293 KAP1
366	wgEncodeAwgTfbsSydhHek293Pol2UniPk.narrowPeak	HEK293	None	Pol2	ChIP HEK293 Pol2
367	wgEncodeAwgTfbsSydhHek293Tcf7l2UcdUniPk.narrowPeak	HEK293	None	TCF7L2	ChIP HEK293 TCF7L2
368	wgEncodeAwgTfbsSydhHek293tZnf263UcdUniPk.narrowPeak	HEK293-T-REx	None	ZNF263	ChIP HEK293-T-REx ZNF263
369	wgEncodeAwgTfbsSydhHelas3Ap2alphaUniPk.narrowPeak	HeLa-S3	None	AP-2alpha	ChIP HeLa-S3 AP-2alpha
370	wgEncodeAwgTfbsSydhHelas3Ap2gammaUniPk.narrowPeak	HeLa-S3	None	AP-2gamma	ChIP HeLa-S3 AP-2gamma
371	wgEncodeAwgTfbsSydhHelas3Baf155IggmusUniPk.narrowPeak	HeLa-S3	None	BAF155	ChIP HeLa-S3 BAF155
372	wgEncodeAwgTfbsSydhHelas3Baf170IggmusUniPk.narrowPeak	HeLa-S3	None	BAF170	ChIP HeLa-S3 BAF170
373	wgEncodeAwgTfbsSydhHelas3Bdp1UniPk.narrowPeak	HeLa-S3	None	BDP1	ChIP HeLa-S3 BDP1
374	wgEncodeAwgTfbsSydhHelas3Brca1a300IggrabUniPk.narrowPeak	HeLa-S3	None	BRCA1_(A300-000A)	ChIP HeLa-S3 BRCA1_(A300-000A)
375	wgEncodeAwgTfbsSydhHelas3Brf1UniPk.narrowPeak	HeLa-S3	None	BRF1	ChIP HeLa-S3 BRF1
376	wgEncodeAwgTfbsSydhHelas3Brf2UniPk.narrowPeak	HeLa-S3	None	BRF2	ChIP HeLa-S3 BRF2
377	wgEncodeAwgTfbsSydhHelas3Brg1IggmusUniPk.narrowPeak	HeLa-S3	None	Brg1	ChIP HeLa-S3 Brg1
378	wgEncodeAwgTfbsSydhHelas3CebpbIggrabUniPk.narrowPeak	HeLa-S3	None	CEBPB	ChIP HeLa-S3 CEBPB
379	wgEncodeAwgTfbsSydhHelas3CfosUniPk.narrowPeak	HeLa-S3	None	c-Fos	ChIP HeLa-S3 c-Fos
380	wgEncodeAwgTfbsSydhHelas3Chd2IggrabUniPk.narrowPeak	HeLa-S3	None	CHD2_(AB68301)	ChIP HeLa-S3 CHD2_(AB68301)
381	wgEncodeAwgTfbsSydhHelas3CjunIggrabUniPk.narrowPeak	HeLa-S3	None	c-Jun	ChIP HeLa-S3 c-Jun
382	wgEncodeAwgTfbsSydhHelas3CmycUniPk.narrowPeak	HeLa-S3	None	c-Myc	ChIP HeLa-S3 c-Myc
383	wgEncodeAwgTfbsSydhHelas3Corestsc30189IggrabUniPk.narrowPeak	HeLa-S3	None	COREST_(sc-30189)	ChIP HeLa-S3 COREST_(sc-30189)
384	wgEncodeAwgTfbsSydhHelas3E2f1UniPk.narrowPeak	HeLa-S3	None	E2F1	ChIP HeLa-S3 E2F1
385	wgEncodeAwgTfbsSydhHelas3E2f4UniPk.narrowPeak	HeLa-S3	None	E2F4	ChIP HeLa-S3 E2F4
386	wgEncodeAwgTfbsSydhHelas3E2f6UniPk.narrowPeak	HeLa-S3	None	E2F6	ChIP HeLa-S3 E2F6
387	wgEncodeAwgTfbsSydhHelas3Elk112771IggrabUniPk.narrowPeak	HeLa-S3	None	ELK1_(1277-1)	ChIP HeLa-S3 ELK1_(1277-1)
388	wgEncodeAwgTfbsSydhHelas3Elk4UcdUniPk.narrowPeak	HeLa-S3	None	ELK4	ChIP HeLa-S3 ELK4
389	wgEncodeAwgTfbsSydhHelas3Gtf2f1ab28179IggrabUniPk.narrowPeak	HeLa-S3	None	GTF2F1_(AB28179)	ChIP HeLa-S3 GTF2F1_(AB28179)
390	wgEncodeAwgTfbsSydhHelas3Hae2f1UniPk.narrowPeak	HeLa-S3	None	HA-E2F1	ChIP HeLa-S3 HA-E2F1
391	wgEncodeAwgTfbsSydhHelas3Ini1IggmusUniPk.narrowPeak	HeLa-S3	None	Ini1	ChIP HeLa-S3 Ini1
392	wgEncodeAwgTfbsSydhHelas3Irf3IggrabUniPk.narrowPeak	HeLa-S3	None	IRF3	ChIP HeLa-S3 IRF3
393	wgEncodeAwgTfbsSydhHelas3JundIggrabUniPk.narrowPeak	HeLa-S3	None	JunD	ChIP HeLa-S3 JunD
394	wgEncodeAwgTfbsSydhHelas3MafkIggrabUniPk.narrowPeak	HeLa-S3	None	MafK_(ab50322)	ChIP HeLa-S3 MafK_(ab50322)
395	wgEncodeAwgTfbsSydhHelas3MaxIggrabUniPk.narrowPeak	HeLa-S3	None	Max	ChIP HeLa-S3 Max
396	wgEncodeAwgTfbsSydhHelas3Mazab85725IggrabUniPk.narrowPeak	HeLa-S3	None	MAZ_(ab85725)	ChIP HeLa-S3 MAZ_(ab85725)
397	wgEncodeAwgTfbsSydhHelas3Mxi1af4185IggrabUniPk.narrowPeak	HeLa-S3	None	Mxi1_(AF4185)	ChIP HeLa-S3 Mxi1_(AF4185)
398	wgEncodeAwgTfbsSydhHelas3NfyaIggrabUniPk.narrowPeak	HeLa-S3	None	NF-YA	ChIP HeLa-S3 NF-YA
399	wgEncodeAwgTfbsSydhHelas3NfybIggrabUniPk.narrowPeak	HeLa-S3	None	NF-YB	ChIP HeLa-S3 NF-YB
400	wgEncodeAwgTfbsSydhHelas3Nrf1IggmusUniPk.narrowPeak	HeLa-S3	None	Nrf1	ChIP HeLa-S3 Nrf1
401	wgEncodeAwgTfbsSydhHelas3P300sc584sc584IggrabUniPk.narrowPeak	HeLa-S3	None	p300_(SC-584)	ChIP HeLa-S3 p300_(SC-584)
402	wgEncodeAwgTfbsSydhHelas3Pol2UniPk.narrowPeak	HeLa-S3	None	Pol2	ChIP HeLa-S3 Pol2
403	wgEncodeAwgTfbsSydhHelas3Pol2s2IggrabUniPk.narrowPeak	HeLa-S3	None	Pol2(phosphoS2)	ChIP HeLa-S3 Pol2(phosphoS2)
404	wgEncodeAwgTfbsSydhHelas3Prdm19115IggrabUniPk.narrowPeak	HeLa-S3	None	PRDM1_(9115)	ChIP HeLa-S3 PRDM1_(9115)
405	wgEncodeAwgTfbsSydhHelas3Rad21IggrabUniPk.narrowPeak	HeLa-S3	None	Rad21	ChIP HeLa-S3 Rad21
406	wgEncodeAwgTfbsSydhHelas3Rfx5200401194IggrabUniPk.narrowPeak	HeLa-S3	None	RFX5_(200-401-194)	ChIP HeLa-S3 RFX5_(200-401-194)
407	wgEncodeAwgTfbsSydhHelas3Rpc155UniPk.narrowPeak	HeLa-S3	None	RPC155	ChIP HeLa-S3 RPC155
408	wgEncodeAwgTfbsSydhHelas3Smc3ab9263IggrabUniPk.narrowPeak	HeLa-S3	None	SMC3_(ab9263)	ChIP HeLa-S3 SMC3_(ab9263)
409	wgEncodeAwgTfbsSydhHelas3Spt20UniPk.narrowPeak	HeLa-S3	None	SPT20	ChIP HeLa-S3 SPT20
410	wgEncodeAwgTfbsSydhHelas3Stat1Ifng30UniPk.narrowPeak	HeLa-S3	IFNg30	STAT1	ChIP HeLa-S3 STAT1
411	wgEncodeAwgTfbsSydhHelas3Stat3IggrabUniPk.narrowPeak	HeLa-S3	None	STAT3	ChIP HeLa-S3 STAT3
412	wgEncodeAwgTfbsSydhHelas3TbpIggrabUniPk.narrowPeak	HeLa-S3	None	TBP	ChIP HeLa-S3 TBP
413	wgEncodeAwgTfbsSydhHelas3Tcf7l2UcdUniPk.narrowPeak	HeLa-S3	None	TCF7L2	ChIP HeLa-S3 TCF7L2
414	wgEncodeAwgTfbsSydhHelas3Tcf7l2c9b92565UcdUniPk.narrowPeak	HeLa-S3	None	TCF7L2_C9B9_(2565)	ChIP HeLa-S3 TCF7L2_C9B9_(2565)
415	wgEncodeAwgTfbsSydhHelas3Tf3c110UniPk.narrowPeak	HeLa-S3	None	TFIIIC-110	ChIP HeLa-S3 TFIIIC-110
416	wgEncodeAwgTfbsSydhHelas3Tr4UniPk.narrowPeak	HeLa-S3	None	TR4	ChIP HeLa-S3 TR4
417	wgEncodeAwgTfbsSydhHelas3Usf2IggmusUniPk.narrowPeak	HeLa-S3	None	USF2	ChIP HeLa-S3 USF2
418	wgEncodeAwgTfbsSydhHelas3Zkscan1hpa006672IggrabUniPk.narrowPeak	HeLa-S3	None	ZKSCAN1_(HPA006672)	ChIP HeLa-S3 ZKSCAN1_(HPA006672)
419	wgEncodeAwgTfbsSydhHelas3Znf143IggrabUniPk.narrowPeak	HeLa-S3	None	Znf143_(16618-1-AP)	ChIP HeLa-S3 Znf143_(16618-1-AP)
420	wgEncodeAwgTfbsSydhHelas3Znf274UcdUniPk.narrowPeak	HeLa-S3	None	ZNF274	ChIP HeLa-S3 ZNF274
421	wgEncodeAwgTfbsSydhHelas3Zzz3UniPk.narrowPeak	HeLa-S3	None	ZZZ3	ChIP HeLa-S3 ZZZ3
422	wgEncodeAwgTfbsSydhHepg2Arid3anb100279IggrabUniPk.narrowPeak	HepG2	None	ARID3A_(NB100-279)	ChIP HepG2 ARID3A_(NB100-279)
423	wgEncodeAwgTfbsSydhHepg2Bhlhe40cIggrabUniPk.narrowPeak	HepG2	None	BHLHE40_(NB100-1800)	ChIP HepG2 BHLHE40_(NB100-1800)
424	wgEncodeAwgTfbsSydhHepg2Brca1a300IggrabUniPk.narrowPeak	HepG2	None	BRCA1_(A300-000A)	ChIP HepG2 BRCA1_(A300-000A)
425	wgEncodeAwgTfbsSydhHepg2CebpbForsklnUniPk.narrowPeak	HepG2	forskolin	CEBPB	ChIP HepG2 CEBPB
426	wgEncodeAwgTfbsSydhHepg2CebpbIggrabUniPk.narrowPeak	HepG2	None	CEBPB	ChIP HepG2 CEBPB
427	wgEncodeAwgTfbsSydhHepg2Chd2ab68301IggrabUniPk.narrowPeak	HepG2	None	CHD2_(AB68301)	ChIP HepG2 CHD2_(AB68301)
428	wgEncodeAwgTfbsSydhHepg2CjunIggrabUniPk.narrowPeak	HepG2	None	c-Jun	ChIP HepG2 c-Jun
429	wgEncodeAwgTfbsSydhHepg2Corestsc30189IggrabUniPk.narrowPeak	HepG2	None	COREST_(sc-30189)	ChIP HepG2 COREST_(sc-30189)
430	wgEncodeAwgTfbsSydhHepg2ErraForsklnUniPk.narrowPeak	HepG2	forskolin	ERRA	ChIP HepG2 ERRA
431	wgEncodeAwgTfbsSydhHepg2Grp20ForsklnUniPk.narrowPeak	HepG2	forskolin	GRp20	ChIP HepG2 GRp20
432	wgEncodeAwgTfbsSydhHepg2Hnf4aForsklnUniPk.narrowPeak	HepG2	forskolin	HNF4A	ChIP HepG2 HNF4A
433	wgEncodeAwgTfbsSydhHepg2Hsf1ForsklnUniPk.narrowPeak	HepG2	forskolin	HSF1	ChIP HepG2 HSF1
434	wgEncodeAwgTfbsSydhHepg2Irf3IggrabUniPk.narrowPeak	HepG2	None	IRF3	ChIP HepG2 IRF3
435	wgEncodeAwgTfbsSydhHepg2JundIggrabUniPk.narrowPeak	HepG2	None	JunD	ChIP HepG2 JunD
436	wgEncodeAwgTfbsSydhHepg2Maffm8194IggrabUniPk.narrowPeak	HepG2	None	MafF_(M8194)	ChIP HepG2 MafF_(M8194)
437	wgEncodeAwgTfbsSydhHepg2Mafkab50322IggrabUniPk.narrowPeak	HepG2	None	MafK_(ab50322)	ChIP HepG2 MafK_(ab50322)
438	wgEncodeAwgTfbsSydhHepg2Mafksc477IggrabUniPk.narrowPeak	HepG2	None	MafK_(SC-477)	ChIP HepG2 MafK_(SC-477)
439	wgEncodeAwgTfbsSydhHepg2MaxIggrabUniPk.narrowPeak	HepG2	None	Max	ChIP HepG2 Max
440	wgEncodeAwgTfbsSydhHepg2Mazab85725IggrabUniPk.narrowPeak	HepG2	None	MAZ_(ab85725)	ChIP HepG2 MAZ_(ab85725)
441	wgEncodeAwgTfbsSydhHepg2Mxi1UniPk.narrowPeak	HepG2	None	Mxi1_(AF4185)	ChIP HepG2 Mxi1_(AF4185)
442	wgEncodeAwgTfbsSydhHepg2Nrf1IggrabUniPk.narrowPeak	HepG2	None	Nrf1	ChIP HepG2 Nrf1
443	wgEncodeAwgTfbsSydhHepg2P300sc582IggrabUniPk.narrowPeak	HepG2	None	p300_(SC-584)	ChIP HepG2 p300_(SC-584)
444	wgEncodeAwgTfbsSydhHepg2Pgc1aForsklnUniPk.narrowPeak	HepG2	forskolin	PGC1A	ChIP HepG2 PGC1A
445	wgEncodeAwgTfbsSydhHepg2Pol2ForsklnUniPk.narrowPeak	HepG2	forskolin	Pol2	ChIP HepG2 Pol2
446	wgEncodeAwgTfbsSydhHepg2Pol2IggrabUniPk.narrowPeak	HepG2	None	Pol2	ChIP HepG2 Pol2
447	wgEncodeAwgTfbsSydhHepg2Pol2s2IggrabUniPk.narrowPeak	HepG2	None	Pol2(phosphoS2)	ChIP HepG2 Pol2(phosphoS2)
448	wgEncodeAwgTfbsSydhHepg2Rad21IggrabUniPk.narrowPeak	HepG2	None	Rad21	ChIP HepG2 Rad21
449	wgEncodeAwgTfbsSydhHepg2Rfx5200401194IggrabUniPk.narrowPeak	HepG2	None	RFX5_(200-401-194)	ChIP HepG2 RFX5_(200-401-194)
450	wgEncodeAwgTfbsSydhHepg2Smc3ab9263IggrabUniPk.narrowPeak	HepG2	None	SMC3_(ab9263)	ChIP HepG2 SMC3_(ab9263)
451	wgEncodeAwgTfbsSydhHepg2TbpIggrabUniPk.narrowPeak	HepG2	None	TBP	ChIP HepG2 TBP
452	wgEncodeAwgTfbsSydhHepg2Tcf7l2UcdUniPk.narrowPeak	HepG2	None	TCF7L2	ChIP HepG2 TCF7L2
453	wgEncodeAwgTfbsSydhHepg2Tr4UcdUniPk.narrowPeak	HepG2	None	TR4	ChIP HepG2 TR4
454	wgEncodeAwgTfbsSydhHepg2Usf2IggrabUniPk.narrowPeak	HepG2	None	USF2	ChIP HepG2 USF2
455	wgEncodeAwgTfbsSydhHepg2Znf274UcdUniPk.narrowPeak	HepG2	None	ZNF274	ChIP HepG2 ZNF274
456	wgEncodeAwgTfbsSydhHuvecCfosUcdUniPk.narrowPeak	HUVEC	None	c-Fos	ChIP HUVEC c-Fos
457	wgEncodeAwgTfbsSydhHuvecCjunUniPk.narrowPeak	HUVEC	None	c-Jun	ChIP HUVEC c-Jun
458	wgEncodeAwgTfbsSydhHuvecGata2UcdUniPk.narrowPeak	HUVEC	None	GATA-2	ChIP HUVEC GATA-2
459	wgEncodeAwgTfbsSydhHuvecMaxUniPk.narrowPeak	HUVEC	None	Max	ChIP HUVEC Max
460	wgEncodeAwgTfbsSydhHuvecPol2UniPk.narrowPeak	HUVEC	None	Pol2	ChIP HUVEC Pol2
461	wgEncodeAwgTfbsSydhImr90CebpbIggrabUniPk.narrowPeak	IMR90	None	CEBPB	ChIP IMR90 CEBPB
462	wgEncodeAwgTfbsSydhImr90CtcfbIggrabUniPk.narrowPeak	IMR90	None	CTCF_(SC-15914)	ChIP IMR90 CTCF_(SC-15914)
463	wgEncodeAwgTfbsSydhImr90MafkIggrabUniPk.narrowPeak	IMR90	None	MafK_(ab50322)	ChIP IMR90 MafK_(ab50322)
464	wgEncodeAwgTfbsSydhImr90Pol2IggrabUniPk.narrowPeak	IMR90	None	Pol2	ChIP IMR90 Pol2
465	wgEncodeAwgTfbsSydhImr90Rad21IggrabUniPk.narrowPeak	IMR90	None	Rad21	ChIP IMR90 Rad21
466	wgEncodeAwgTfbsSydhK562Arid3asc8821IggrabUniPk.narrowPeak	K562	None	ARID3A_(sc-8821)	ChIP K562 ARID3A_(sc-8821)
467	wgEncodeAwgTfbsSydhK562Atf106325UniPk.narrowPeak	K562	None	ATF1_(06-325)	ChIP K562 ATF1_(06-325)
468	wgEncodeAwgTfbsSydhK562Atf3UniPk.narrowPeak	K562	None	ATF3	ChIP K562 ATF3
469	wgEncodeAwgTfbsSydhK562Bach1sc14700IggrabUniPk.narrowPeak	K562	None	Bach1_(sc-14700)	ChIP K562 Bach1_(sc-14700)
470	wgEncodeAwgTfbsSydhK562Bdp1UniPk.narrowPeak	K562	None	BDP1	ChIP K562 BDP1
471	wgEncodeAwgTfbsSydhK562Bhlhe40nb100IggrabUniPk.narrowPeak	K562	None	BHLHE40_(NB100-1800)	ChIP K562 BHLHE40_(NB100-1800)
472	wgEncodeAwgTfbsSydhK562Brf1UniPk.narrowPeak	K562	None	BRF1	ChIP K562 BRF1
473	wgEncodeAwgTfbsSydhK562Brf2UniPk.narrowPeak	K562	None	BRF2	ChIP K562 BRF2
474	wgEncodeAwgTfbsSydhK562Brg1IggmusUniPk.narrowPeak	K562	None	Brg1	ChIP K562 Brg1
475	wgEncodeAwgTfbsSydhK562Ccnt2UniPk.narrowPeak	K562	None	CCNT2	ChIP K562 CCNT2
476	wgEncodeAwgTfbsSydhK562CebpbIggrabUniPk.narrowPeak	K562	None	CEBPB	ChIP K562 CEBPB
477	wgEncodeAwgTfbsSydhK562CfosUniPk.narrowPeak	K562	None	c-Fos	ChIP K562 c-Fos
478	wgEncodeAwgTfbsSydhK562Chd2ab68301IggrabUniPk.narrowPeak	K562	None	CHD2_(AB68301)	ChIP K562 CHD2_(AB68301)
479	wgEncodeAwgTfbsSydhK562CjunIfna30UniPk.narrowPeak	K562	IFNa30	c-Jun	ChIP K562 c-Jun
480	wgEncodeAwgTfbsSydhK562CjunIfna6hUniPk.narrowPeak	K562	IFNa6h	c-Jun	ChIP K562 c-Jun
481	wgEncodeAwgTfbsSydhK562CjunIfng30UniPk.narrowPeak	K562	IFNg30	c-Jun	ChIP K562 c-Jun
482	wgEncodeAwgTfbsSydhK562CjunIfng6hUniPk.narrowPeak	K562	IFNg6h	c-Jun	ChIP K562 c-Jun
483	wgEncodeAwgTfbsSydhK562CjunUniPk.narrowPeak	K562	None	c-Jun	ChIP K562 c-Jun
484	wgEncodeAwgTfbsSydhK562CmycIfna30UniPk.narrowPeak	K562	IFNa30	c-Myc	ChIP K562 c-Myc
485	wgEncodeAwgTfbsSydhK562CmycIfna6hUniPk.narrowPeak	K562	IFNa6h	c-Myc	ChIP K562 c-Myc
486	wgEncodeAwgTfbsSydhK562CmycIfng30UniPk.narrowPeak	K562	IFNg30	c-Myc	ChIP K562 c-Myc
487	wgEncodeAwgTfbsSydhK562CmycIfng6hUniPk.narrowPeak	K562	IFNg6h	c-Myc	ChIP K562 c-Myc
488	wgEncodeAwgTfbsSydhK562CmycIggrabUniPk.narrowPeak	K562	None	c-Myc	ChIP K562 c-Myc
489	wgEncodeAwgTfbsSydhK562CmycUniPk.narrowPeak	K562	None	c-Myc	ChIP K562 c-Myc
490	wgEncodeAwgTfbsSydhK562Corestab24166IggrabUniPk.narrowPeak	K562	None	COREST_(ab24166)	ChIP K562 COREST_(ab24166)
491	wgEncodeAwgTfbsSydhK562Corestsc30189IggrabUniPk.narrowPeak	K562	None	COREST_(sc-30189)	ChIP K562 COREST_(sc-30189)
492	wgEncodeAwgTfbsSydhK562CtcfbIggrabUniPk.narrowPeak	K562	None	CTCF_(SC-15914)	ChIP K562 CTCF_(SC-15914)
493	wgEncodeAwgTfbsSydhK562E2f4UcdUniPk.narrowPeak	K562	None	E2F4	ChIP K562 E2F4
494	wgEncodeAwgTfbsSydhK562E2f6UcdUniPk.narrowPeak	K562	None	E2F6	ChIP K562 E2F6
495	wgEncodeAwgTfbsSydhK562Elk112771IggrabUniPk.narrowPeak	K562	None	ELK1_(1277-1)	ChIP K562 ELK1_(1277-1)
496	wgEncodeAwgTfbsSydhK562Gata1UcdUniPk.narrowPeak	K562	None	GATA-1	ChIP K562 GATA-1
497	wgEncodeAwgTfbsSydhK562Gata2UcdUniPk.narrowPeak	K562	None	GATA-2	ChIP K562 GATA-2
498	wgEncodeAwgTfbsSydhK562Gtf2bUniPk.narrowPeak	K562	None	GTF2B	ChIP K562 GTF2B
499	wgEncodeAwgTfbsSydhK562Gtf2f1ab28179IggrabUniPk.narrowPeak	K562	None	GTF2F1_(AB28179)	ChIP K562 GTF2F1_(AB28179)
500	wgEncodeAwgTfbsSydhK562Hmgn3UniPk.narrowPeak	K562	None	HMGN3	ChIP K562 HMGN3
501	wgEncodeAwgTfbsSydhK562Ini1IggmusUniPk.narrowPeak	K562	None	Ini1	ChIP K562 Ini1
502	wgEncodeAwgTfbsSydhK562Irf1Ifna30UniPk.narrowPeak	K562	IFNa30	IRF1	ChIP K562 IRF1
503	wgEncodeAwgTfbsSydhK562Irf1Ifna6hUniPk.narrowPeak	K562	IFNa6h	IRF1	ChIP K562 IRF1
504	wgEncodeAwgTfbsSydhK562Irf1Ifng30UniPk.narrowPeak	K562	IFNg30	IRF1	ChIP K562 IRF1
505	wgEncodeAwgTfbsSydhK562Irf1Ifng6hUniPk.narrowPeak	K562	IFNg6h	IRF1	ChIP K562 IRF1
506	wgEncodeAwgTfbsSydhK562JundIggrabUniPk.narrowPeak	K562	None	JunD	ChIP K562 JunD
507	wgEncodeAwgTfbsSydhK562Kap1UcdUniPk.narrowPeak	K562	None	KAP1	ChIP K562 KAP1
508	wgEncodeAwgTfbsSydhK562MaffIggrabUniPk.narrowPeak	K562	None	MafF_(M8194)	ChIP K562 MafF_(M8194)
509	wgEncodeAwgTfbsSydhK562Mafkab50322IggrabUniPk.narrowPeak	K562	None	MafK_(ab50322)	ChIP K562 MafK_(ab50322)
510	wgEncodeAwgTfbsSydhK562MaxIggrabUniPk.narrowPeak	K562	None	Max	ChIP K562 Max
511	wgEncodeAwgTfbsSydhK562Mazab85725IggrabUniPk.narrowPeak	K562	None	MAZ_(ab85725)	ChIP K562 MAZ_(ab85725)
512	wgEncodeAwgTfbsSydhK562Mxi1af4185IggrabUniPk.narrowPeak	K562	None	Mxi1_(AF4185)	ChIP K562 Mxi1_(AF4185)
513	wgEncodeAwgTfbsSydhK562NelfeUniPk.narrowPeak	K562	None	NELFe	ChIP K562 NELFe
514	wgEncodeAwgTfbsSydhK562Nfe2UniPk.narrowPeak	K562	None	NF-E2	ChIP K562 NF-E2
515	wgEncodeAwgTfbsSydhK562NfyaUniPk.narrowPeak	K562	None	NF-YA	ChIP K562 NF-YA
516	wgEncodeAwgTfbsSydhK562NfybUniPk.narrowPeak	K562	None	NF-YB	ChIP K562 NF-YB
517	wgEncodeAwgTfbsSydhK562Nrf1IggrabUniPk.narrowPeak	K562	None	Nrf1	ChIP K562 Nrf1
518	wgEncodeAwgTfbsSydhK562P300IggrabUniPk.narrowPeak	K562	None	p300	ChIP K562 p300
519	wgEncodeAwgTfbsSydhK562Pol2Ifna30UniPk.narrowPeak	K562	IFNa30	Pol2	ChIP K562 Pol2
520	wgEncodeAwgTfbsSydhK562Pol2Ifna6hUniPk.narrowPeak	K562	IFNa6h	Pol2	ChIP K562 Pol2
521	wgEncodeAwgTfbsSydhK562Pol2Ifng30UniPk.narrowPeak	K562	IFNg30	Pol2	ChIP K562 Pol2
522	wgEncodeAwgTfbsSydhK562Pol2Ifng6hUniPk.narrowPeak	K562	IFNg6h	Pol2	ChIP K562 Pol2
523	wgEncodeAwgTfbsSydhK562Pol2IggmusUniPk.narrowPeak	K562	None	Pol2	ChIP K562 Pol2
524	wgEncodeAwgTfbsSydhK562Pol2UniPk.narrowPeak	K562	None	Pol2	ChIP K562 Pol2
525	wgEncodeAwgTfbsSydhK562Pol2s2IggrabUniPk.narrowPeak	K562	None	Pol2(phosphoS2)	ChIP K562 Pol2(phosphoS2)
526	wgEncodeAwgTfbsSydhK562Pol2s2UniPk.narrowPeak	K562	None	Pol2(phosphoS2)	ChIP K562 Pol2(phosphoS2)
527	wgEncodeAwgTfbsSydhK562Pol3UniPk.narrowPeak	K562	None	Pol3	ChIP K562 Pol3
528	wgEncodeAwgTfbsSydhK562Rad21UniPk.narrowPeak	K562	None	Rad21	ChIP K562 Rad21
529	wgEncodeAwgTfbsSydhK562Rfx5IggrabUniPk.narrowPeak	K562	None	RFX5_(200-401-194)	ChIP K562 RFX5_(200-401-194)
530	wgEncodeAwgTfbsSydhK562Rpc155UniPk.narrowPeak	K562	None	RPC155	ChIP K562 RPC155
531	wgEncodeAwgTfbsSydhK562Setdb1MnasedUcdUniPk.narrowPeak	K562	MNaseD	SETDB1	ChIP K562 SETDB1
532	wgEncodeAwgTfbsSydhK562Setdb1UcdUniPk.narrowPeak	K562	None	SETDB1	ChIP K562 SETDB1
533	wgEncodeAwgTfbsSydhK562Sirt6UniPk.narrowPeak	K562	None	SIRT6	ChIP K562 SIRT6
534	wgEncodeAwgTfbsSydhK562Smc3ab9263IggrabUniPk.narrowPeak	K562	None	SMC3_(ab9263)	ChIP K562 SMC3_(ab9263)
535	wgEncodeAwgTfbsSydhK562Stat1Ifna30UniPk.narrowPeak	K562	IFNa30	STAT1	ChIP K562 STAT1
536	wgEncodeAwgTfbsSydhK562Stat1Ifna6hUniPk.narrowPeak	K562	IFNa6h	STAT1	ChIP K562 STAT1
537	wgEncodeAwgTfbsSydhK562Stat1Ifng30UniPk.narrowPeak	K562	IFNg30	STAT1	ChIP K562 STAT1
538	wgEncodeAwgTfbsSydhK562Stat1Ifng6hUniPk.narrowPeak	K562	IFNg6h	STAT1	ChIP K562 STAT1
539	wgEncodeAwgTfbsSydhK562Stat2Ifna30UniPk.narrowPeak	K562	IFNa30	STAT2	ChIP K562 STAT2
540	wgEncodeAwgTfbsSydhK562Stat2Ifna6hUniPk.narrowPeak	K562	IFNa6h	STAT2	ChIP K562 STAT2
541	wgEncodeAwgTfbsSydhK562Tal1sc12984IggmusUniPk.narrowPeak	K562	None	TAL1_(SC-12984)	ChIP K562 TAL1_(SC-12984)
542	wgEncodeAwgTfbsSydhK562Tblr1ab24550IggrabUniPk.narrowPeak	K562	None	TBLR1_(ab24550)	ChIP K562 TBLR1_(ab24550)
543	wgEncodeAwgTfbsSydhK562Tblr1nb600270IggrabUniPk.narrowPeak	K562	None	TBLR1_(NB600-270)	ChIP K562 TBLR1_(NB600-270)
544	wgEncodeAwgTfbsSydhK562TbpIggmusUniPk.narrowPeak	K562	None	TBP	ChIP K562 TBP
545	wgEncodeAwgTfbsSydhK562Tf3c110UniPk.narrowPeak	K562	None	TFIIIC-110	ChIP K562 TFIIIC-110
546	wgEncodeAwgTfbsSydhK562Tr4UcdUniPk.narrowPeak	K562	None	TR4	ChIP K562 TR4
547	wgEncodeAwgTfbsSydhK562Ubfsc13125IggmusUniPk.narrowPeak	K562	None	UBF_(sc-13125)	ChIP K562 UBF_(sc-13125)
548	wgEncodeAwgTfbsSydhK562Ubtfsab1404509IggmusUniPk.narrowPeak	K562	None	UBTF_(SAB1404509)	ChIP K562 UBTF_(SAB1404509)
549	wgEncodeAwgTfbsSydhK562Usf2IggrabUniPk.narrowPeak	K562	None	USF2	ChIP K562 USF2
550	wgEncodeAwgTfbsSydhK562Yy1UcdUniPk.narrowPeak	K562	None	YY1	ChIP K562 YY1
551	wgEncodeAwgTfbsSydhK562Znf143IggrabUniPk.narrowPeak	K562	None	Znf143_(16618-1-AP)	ChIP K562 Znf143_(16618-1-AP)
552	wgEncodeAwgTfbsSydhK562Znf263UcdUniPk.narrowPeak	K562	None	ZNF263	ChIP K562 ZNF263
553	wgEncodeAwgTfbsSydhK562Znf274UcdUniPk.narrowPeak	K562	None	ZNF274	ChIP K562 ZNF274
554	wgEncodeAwgTfbsSydhK562Znf274m01UcdUniPk.narrowPeak	K562	None	ZNF274_(M01)	ChIP K562 ZNF274_(M01)
555	wgEncodeAwgTfbsSydhMcf10aesCfosEtoh01HvdUniPk.narrowPeak	MCF10A-Er-Src	EtOH_0.01pct	c-Fos	ChIP MCF10A-Er-Src c-Fos
556	wgEncodeAwgTfbsSydhMcf10aesCfosTam112hHvdUniPk.narrowPeak	MCF10A-Er-Src	4OHTAM_1uM_12hr	c-Fos	ChIP MCF10A-Er-Src c-Fos
557	wgEncodeAwgTfbsSydhMcf10aesCfosTam14hHvdUniPk.narrowPeak	MCF10A-Er-Src	4OHTAM_1uM_4hr	c-Fos	ChIP MCF10A-Er-Src c-Fos
558	wgEncodeAwgTfbsSydhMcf10aesCfosTamHvdUniPk.narrowPeak	MCF10A-Er-Src	4OHTAM_1uM_36hr	c-Fos	ChIP MCF10A-Er-Src c-Fos
559	wgEncodeAwgTfbsSydhMcf10aesCmycEtoh01HvdUniPk.narrowPeak	MCF10A-Er-Src	EtOH_0.01pct	c-Myc	ChIP MCF10A-Er-Src c-Myc
560	wgEncodeAwgTfbsSydhMcf10aesCmycTam14hHvdUniPk.narrowPeak	MCF10A-Er-Src	4OHTAM_1uM_4hr	c-Myc	ChIP MCF10A-Er-Src c-Myc
561	wgEncodeAwgTfbsSydhMcf10aesE2f4TamHvdUniPk.narrowPeak	MCF10A-Er-Src	4OHTAM_1uM_36hr	E2F4	ChIP MCF10A-Er-Src E2F4
562	wgEncodeAwgTfbsSydhMcf10aesPol2Etoh01UniPk.narrowPeak	MCF10A-Er-Src	EtOH_0.01pct	Pol2	ChIP MCF10A-Er-Src Pol2
563	wgEncodeAwgTfbsSydhMcf10aesPol2TamUniPk.narrowPeak	MCF10A-Er-Src	4OHTAM_1uM_36hr	Pol2	ChIP MCF10A-Er-Src Pol2
564	wgEncodeAwgTfbsSydhMcf10aesStat3Etoh01UniPk.narrowPeak	MCF10A-Er-Src	EtOH_0.01pct	STAT3	ChIP MCF10A-Er-Src STAT3
565	wgEncodeAwgTfbsSydhMcf10aesStat3Etoh01bUniPk.narrowPeak	MCF10A-Er-Src	EtOH_0.01pct_4hr	STAT3	ChIP MCF10A-Er-Src STAT3
566	wgEncodeAwgTfbsSydhMcf10aesStat3Etoh01cUniPk.narrowPeak	MCF10A-Er-Src	EtOH_0.01pct_12hr	STAT3	ChIP MCF10A-Er-Src STAT3
567	wgEncodeAwgTfbsSydhMcf10aesStat3Tam112hHvdUniPk.narrowPeak	MCF10A-Er-Src	4OHTAM_1uM_12hr	STAT3	ChIP MCF10A-Er-Src STAT3
568	wgEncodeAwgTfbsSydhMcf10aesStat3TamUniPk.narrowPeak	MCF10A-Er-Src	4OHTAM_1uM_36hr	STAT3	ChIP MCF10A-Er-Src STAT3
569	wgEncodeAwgTfbsSydhMcf7Gata3UcdUniPk.narrowPeak	MCF-7	None	GATA3_(SC-268)	ChIP MCF-7 GATA3_(SC-268)
570	wgEncodeAwgTfbsSydhMcf7Gata3sc269UcdUniPk.narrowPeak	MCF-7	None	GATA3_(SC-269)	ChIP MCF-7 GATA3_(SC-269)
571	wgEncodeAwgTfbsSydhMcf7Hae2f1UcdUniPk.narrowPeak	MCF-7	None	HA-E2F1	ChIP MCF-7 HA-E2F1
572	wgEncodeAwgTfbsSydhMcf7Tcf7l2UcdUniPk.narrowPeak	MCF-7	None	TCF7L2	ChIP MCF-7 TCF7L2
573	wgEncodeAwgTfbsSydhMcf7Znf217UcdUniPk.narrowPeak	MCF-7	None	ZNF217	ChIP MCF-7 ZNF217
574	wgEncodeAwgTfbsSydhNb4CmycUniPk.narrowPeak	NB4	None	c-Myc	ChIP NB4 c-Myc
575	wgEncodeAwgTfbsSydhNb4MaxUniPk.narrowPeak	NB4	None	Max	ChIP NB4 Max
576	wgEncodeAwgTfbsSydhNb4Pol2UniPk.narrowPeak	NB4	None	Pol2	ChIP NB4 Pol2
577	wgEncodeAwgTfbsSydhNt2d1Suz12UcdUniPk.narrowPeak	NT2-D1	None	SUZ12	ChIP NT2-D1 SUZ12
578	wgEncodeAwgTfbsSydhNt2d1Yy1UcdUniPk.narrowPeak	NT2-D1	None	YY1	ChIP NT2-D1 YY1
579	wgEncodeAwgTfbsSydhNt2d1Znf274UcdUniPk.narrowPeak	NT2-D1	None	ZNF274	ChIP NT2-D1 ZNF274
580	wgEncodeAwgTfbsSydhPanc1Tcf7l2UcdUniPk.narrowPeak	PANC-1	None	TCF7L2	ChIP PANC-1 TCF7L2
581	wgEncodeAwgTfbsSydhPbdeGata1UcdUniPk.narrowPeak	PBDE	None	GATA-1	ChIP PBDE GATA-1
582	wgEncodeAwgTfbsSydhPbdePol2UcdUniPk.narrowPeak	PBDE	None	Pol2	ChIP PBDE Pol2
583	wgEncodeAwgTfbsSydhPbdefetalGata1UcdUniPk.narrowPeak	PBDEFetal	None	GATA-1	ChIP PBDEFetal GATA-1
584	wgEncodeAwgTfbsSydhRajiPol2UcdUniPk.narrowPeak	Raji	None	Pol2	ChIP Raji Pol2
585	wgEncodeAwgTfbsSydhShsy5yGata2UcdUniPk.narrowPeak	SH-SY5Y	None	GATA-2	ChIP SH-SY5Y GATA-2
586	wgEncodeAwgTfbsSydhShsy5yGata3sc269sc269UcdUniPk.narrowPeak	SH-SY5Y	None	GATA3_(SC-269)	ChIP SH-SY5Y GATA3_(SC-269)
587	wgEncodeAwgTfbsSydhU2osKap1UcdUniPk.narrowPeak	U2OS	None	KAP1	ChIP U2OS KAP1
588	wgEncodeAwgTfbsSydhU2osSetdb1UcdUniPk.narrowPeak	U2OS	None	SETDB1	ChIP U2OS SETDB1
589	wgEncodeAwgTfbsUchicagoK562EfosUniPk.narrowPeak	K562	None	eGFP-FOS	ChIP K562 eGFP-FOS
590	wgEncodeAwgTfbsUchicagoK562Egata2UniPk.narrowPeak	K562	None	eGFP-GATA2	ChIP K562 eGFP-GATA2
591	wgEncodeAwgTfbsUchicagoK562Ehdac8UniPk.narrowPeak	K562	None	eGFP-HDAC8	ChIP K562 eGFP-HDAC8
592	wgEncodeAwgTfbsUchicagoK562EjunbUniPk.narrowPeak	K562	None	eGFP-JunB	ChIP K562 eGFP-JunB
593	wgEncodeAwgTfbsUchicagoK562EjundUniPk.narrowPeak	K562	None	eGFP-JunD	ChIP K562 eGFP-JunD
594	wgEncodeAwgTfbsUtaA549CtcfUniPk.narrowPeak	A549	None	CTCF	ChIP A549 CTCF
595	wgEncodeAwgTfbsUtaA549Pol2UniPk.narrowPeak	A549	None	Pol2	ChIP A549 Pol2
596	wgEncodeAwgTfbsUtaFibroblCtcfUniPk.narrowPeak	Fibrobl	None	CTCF	ChIP Fibrobl CTCF
597	wgEncodeAwgTfbsUtaGlioblaCtcfUniPk.narrowPeak	Gliobla	None	CTCF	ChIP Gliobla CTCF
598	wgEncodeAwgTfbsUtaGlioblaPol2UniPk.narrowPeak	Gliobla	None	Pol2	ChIP Gliobla Pol2
599	wgEncodeAwgTfbsUtaGm12878CmycUniPk.narrowPeak	GM12878	None	c-Myc	ChIP GM12878 c-Myc
600	wgEncodeAwgTfbsUtaGm12878CtcfUniPk.narrowPeak	GM12878	None	CTCF	ChIP GM12878 CTCF
601	wgEncodeAwgTfbsUtaGm12878Pol2UniPk.narrowPeak	GM12878	None	Pol2	ChIP GM12878 Pol2
602	wgEncodeAwgTfbsUtaGm12891CtcfUniPk.narrowPeak	GM12891	None	CTCF	ChIP GM12891 CTCF
603	wgEncodeAwgTfbsUtaGm12892CtcfUniPk.narrowPeak	GM12892	None	CTCF	ChIP GM12892 CTCF
604	wgEncodeAwgTfbsUtaGm19238CtcfUniPk.narrowPeak	GM19238	None	CTCF	ChIP GM19238 CTCF
605	wgEncodeAwgTfbsUtaGm19239CtcfUniPk.narrowPeak	GM19239	None	CTCF	ChIP GM19239 CTCF
606	wgEncodeAwgTfbsUtaGm19240CtcfUniPk.narrowPeak	GM19240	None	CTCF	ChIP GM19240 CTCF
607	wgEncodeAwgTfbsUtaH1hescCmycUniPk.narrowPeak	H1-hESC	None	c-Myc	ChIP H1-hESC c-Myc
608	wgEncodeAwgTfbsUtaH1hescCtcfUniPk.narrowPeak	H1-hESC	None	CTCF	ChIP H1-hESC CTCF
609	wgEncodeAwgTfbsUtaH1hescPol2UniPk.narrowPeak	H1-hESC	None	Pol2	ChIP H1-hESC Pol2
610	wgEncodeAwgTfbsUtaHelas3CmycUniPk.narrowPeak	HeLa-S3	None	c-Myc	ChIP HeLa-S3 c-Myc
611	wgEncodeAwgTfbsUtaHelas3CtcfUniPk.narrowPeak	HeLa-S3	None	CTCF	ChIP HeLa-S3 CTCF
612	wgEncodeAwgTfbsUtaHelas3Pol2UniPk.narrowPeak	HeLa-S3	None	Pol2	ChIP HeLa-S3 Pol2
613	wgEncodeAwgTfbsUtaHepg2CmycUniPk.narrowPeak	HepG2	None	c-Myc	ChIP HepG2 c-Myc
614	wgEncodeAwgTfbsUtaHepg2CtcfUniPk.narrowPeak	HepG2	None	CTCF	ChIP HepG2 CTCF
615	wgEncodeAwgTfbsUtaHepg2Pol2UniPk.narrowPeak	HepG2	None	Pol2	ChIP HepG2 Pol2
616	wgEncodeAwgTfbsUtaHuvecCmycUniPk.narrowPeak	HUVEC	None	c-Myc	ChIP HUVEC c-Myc
617	wgEncodeAwgTfbsUtaHuvecCtcfUniPk.narrowPeak	HUVEC	None	CTCF	ChIP HUVEC CTCF
618	wgEncodeAwgTfbsUtaHuvecPol2UniPk.narrowPeak	HUVEC	None	Pol2	ChIP HUVEC Pol2
619	wgEncodeAwgTfbsUtaK562CmycUniPk.narrowPeak	K562	None	c-Myc	ChIP K562 c-Myc
620	wgEncodeAwgTfbsUtaK562CtcfUniPk.narrowPeak	K562	None	CTCF	ChIP K562 CTCF
621	wgEncodeAwgTfbsUtaK562Pol2UniPk.narrowPeak	K562	None	Pol2	ChIP K562 Pol2
622	wgEncodeAwgTfbsUtaMcf7CmycEstroUniPk.narrowPeak	MCF-7	estrogen	c-Myc	ChIP MCF-7 c-Myc
623	wgEncodeAwgTfbsUtaMcf7CmycSerumstimUniPk.narrowPeak	MCF-7	serum_stimulated_media	c-Myc	ChIP MCF-7 c-Myc
624	wgEncodeAwgTfbsUtaMcf7CmycSerumstvdUniPk.narrowPeak	MCF-7	serum_starved_media	c-Myc	ChIP MCF-7 c-Myc
625	wgEncodeAwgTfbsUtaMcf7CmycVehUniPk.narrowPeak	MCF-7	vehicle	c-Myc	ChIP MCF-7 c-Myc
626	wgEncodeAwgTfbsUtaMcf7CtcfEstroUniPk.narrowPeak	MCF-7	estrogen	CTCF	ChIP MCF-7 CTCF
627	wgEncodeAwgTfbsUtaMcf7CtcfSerumstimUniPk.narrowPeak	MCF-7	serum_stimulated_media	CTCF	ChIP MCF-7 CTCF
628	wgEncodeAwgTfbsUtaMcf7CtcfSerumstvdUniPk.narrowPeak	MCF-7	serum_starved_media	CTCF	ChIP MCF-7 CTCF
629	wgEncodeAwgTfbsUtaMcf7CtcfUniPk.narrowPeak	MCF-7	None	CTCF	ChIP MCF-7 CTCF
630	wgEncodeAwgTfbsUtaMcf7CtcfVehUniPk.narrowPeak	MCF-7	vehicle	CTCF	ChIP MCF-7 CTCF
631	wgEncodeAwgTfbsUtaMcf7Pol2SerumstimUniPk.narrowPeak	MCF-7	serum_stimulated_media	Pol2	ChIP MCF-7 Pol2
632	wgEncodeAwgTfbsUtaMcf7Pol2SerumstvdUniPk.narrowPeak	MCF-7	serum_starved_media	Pol2	ChIP MCF-7 Pol2
633	wgEncodeAwgTfbsUtaMcf7Pol2UniPk.narrowPeak	MCF-7	None	Pol2	ChIP MCF-7 Pol2
634	wgEncodeAwgTfbsUtaNhekCtcfUniPk.narrowPeak	NHEK	None	CTCF	ChIP NHEK CTCF
635	wgEncodeAwgTfbsUtaProgfibCtcfUniPk.narrowPeak	ProgFib	None	CTCF	ChIP ProgFib CTCF
636	wgEncodeAwgTfbsUtaProgfibPol2UniPk.narrowPeak	ProgFib	None	Pol2	ChIP ProgFib Pol2
637	wgEncodeAwgTfbsUwA549CtcfUniPk.narrowPeak	A549	None	CTCF	ChIP A549 CTCF
638	wgEncodeAwgTfbsUwAg04449CtcfUniPk.narrowPeak	AG04449	None	CTCF	ChIP AG04449 CTCF
639	wgEncodeAwgTfbsUwAg04450CtcfUniPk.narrowPeak	AG04450	None	CTCF	ChIP AG04450 CTCF
640	wgEncodeAwgTfbsUwAg09309CtcfUniPk.narrowPeak	AG09309	None	CTCF	ChIP AG09309 CTCF
641	wgEncodeAwgTfbsUwAg09319CtcfUniPk.narrowPeak	AG09319	None	CTCF	ChIP AG09319 CTCF
642	wgEncodeAwgTfbsUwAg10803CtcfUniPk.narrowPeak	AG10803	None	CTCF	ChIP AG10803 CTCF
643	wgEncodeAwgTfbsUwAoafCtcfUniPk.narrowPeak	AoAF	None	CTCF	ChIP AoAF CTCF
644	wgEncodeAwgTfbsUwBe2cCtcfUniPk.narrowPeak	BE2_C	None	CTCF	ChIP BE2_C CTCF
645	wgEncodeAwgTfbsUwBjCtcfUniPk.narrowPeak	BJ	None	CTCF	ChIP BJ CTCF
646	wgEncodeAwgTfbsUwCaco2CtcfUniPk.narrowPeak	Caco-2	None	CTCF	ChIP Caco-2 CTCF
647	wgEncodeAwgTfbsUwGm06990CtcfUniPk.narrowPeak	GM06990	None	CTCF	ChIP GM06990 CTCF
648	wgEncodeAwgTfbsUwGm12801CtcfUniPk.narrowPeak	GM12801	None	CTCF	ChIP GM12801 CTCF
649	wgEncodeAwgTfbsUwGm12864CtcfUniPk.narrowPeak	GM12864	None	CTCF	ChIP GM12864 CTCF
650	wgEncodeAwgTfbsUwGm12865CtcfUniPk.narrowPeak	GM12865	None	CTCF	ChIP GM12865 CTCF
651	wgEncodeAwgTfbsUwGm12872CtcfUniPk.narrowPeak	GM12872	None	CTCF	ChIP GM12872 CTCF
652	wgEncodeAwgTfbsUwGm12873CtcfUniPk.narrowPeak	GM12873	None	CTCF	ChIP GM12873 CTCF
653	wgEncodeAwgTfbsUwGm12874CtcfUniPk.narrowPeak	GM12874	None	CTCF	ChIP GM12874 CTCF
654	wgEncodeAwgTfbsUwGm12875CtcfUniPk.narrowPeak	GM12875	None	CTCF	ChIP GM12875 CTCF
655	wgEncodeAwgTfbsUwGm12878CtcfUniPk.narrowPeak	GM12878	None	CTCF	ChIP GM12878 CTCF
656	wgEncodeAwgTfbsUwHacCtcfUniPk.narrowPeak	HAc	None	CTCF	ChIP HAc CTCF
657	wgEncodeAwgTfbsUwHaspCtcfUniPk.narrowPeak	HA-sp	None	CTCF	ChIP HA-sp CTCF
658	wgEncodeAwgTfbsUwHbmecCtcfUniPk.narrowPeak	HBMEC	None	CTCF	ChIP HBMEC CTCF
659	wgEncodeAwgTfbsUwHcfaaCtcfUniPk.narrowPeak	HCFaa	None	CTCF	ChIP HCFaa CTCF
660	wgEncodeAwgTfbsUwHcmCtcfUniPk.narrowPeak	HCM	None	CTCF	ChIP HCM CTCF
661	wgEncodeAwgTfbsUwHcpeCtcfUniPk.narrowPeak	HCPEpiC	None	CTCF	ChIP HCPEpiC CTCF
662	wgEncodeAwgTfbsUwHct116CtcfUniPk.narrowPeak	HCT-116	None	CTCF	ChIP HCT-116 CTCF
663	wgEncodeAwgTfbsUwHeeCtcfUniPk.narrowPeak	HEEpiC	None	CTCF	ChIP HEEpiC CTCF
664	wgEncodeAwgTfbsUwHek293CtcfUniPk.narrowPeak	HEK293	None	CTCF	ChIP HEK293 CTCF
665	wgEncodeAwgTfbsUwHelas3CtcfUniPk.narrowPeak	HeLa-S3	None	CTCF	ChIP HeLa-S3 CTCF
666	wgEncodeAwgTfbsUwHepg2CtcfUniPk.narrowPeak	HepG2	None	CTCF	ChIP HepG2 CTCF
667	wgEncodeAwgTfbsUwHffCtcfUniPk.narrowPeak	HFF	None	CTCF	ChIP HFF CTCF
668	wgEncodeAwgTfbsUwHffmycCtcfUniPk.narrowPeak	HFF-Myc	None	CTCF	ChIP HFF-Myc CTCF
669	wgEncodeAwgTfbsUwHl60CtcfUniPk.narrowPeak	HL-60	None	CTCF	ChIP HL-60 CTCF
670	wgEncodeAwgTfbsUwHmecCtcfUniPk.narrowPeak	HMEC	None	CTCF	ChIP HMEC CTCF
671	wgEncodeAwgTfbsUwHmfCtcfUniPk.narrowPeak	HMF	None	CTCF	ChIP HMF CTCF
672	wgEncodeAwgTfbsUwHpafCtcfUniPk.narrowPeak	HPAF	None	CTCF	ChIP HPAF CTCF
673	wgEncodeAwgTfbsUwHpfCtcfUniPk.narrowPeak	HPF	None	CTCF	ChIP HPF CTCF
674	wgEncodeAwgTfbsUwHreCtcfUniPk.narrowPeak	HRE	None	CTCF	ChIP HRE CTCF
675	wgEncodeAwgTfbsUwHrpeCtcfUniPk.narrowPeak	HRPEpiC	None	CTCF	ChIP HRPEpiC CTCF
676	wgEncodeAwgTfbsUwHuvecCtcfUniPk.narrowPeak	HUVEC	None	CTCF	ChIP HUVEC CTCF
677	wgEncodeAwgTfbsUwHvmfCtcfUniPk.narrowPeak	HVMF	None	CTCF	ChIP HVMF CTCF
678	wgEncodeAwgTfbsUwK562CtcfUniPk.narrowPeak	K562	None	CTCF	ChIP K562 CTCF
679	wgEncodeAwgTfbsUwMcf7CtcfUniPk.narrowPeak	MCF-7	None	CTCF	ChIP MCF-7 CTCF
680	wgEncodeAwgTfbsUwNb4CtcfUniPk.narrowPeak	NB4	None	CTCF	ChIP NB4 CTCF
681	wgEncodeAwgTfbsUwNhdfneoCtcfUniPk.narrowPeak	NHDF-neo	None	CTCF	ChIP NHDF-neo CTCF
682	wgEncodeAwgTfbsUwNhekCtcfUniPk.narrowPeak	NHEK	None	CTCF	ChIP NHEK CTCF
683	wgEncodeAwgTfbsUwNhlfCtcfUniPk.narrowPeak	NHLF	None	CTCF	ChIP NHLF CTCF
684	wgEncodeAwgTfbsUwRptecCtcfUniPk.narrowPeak	RPTEC	None	CTCF	ChIP RPTEC CTCF
685	wgEncodeAwgTfbsUwSaecCtcfUniPk.narrowPeak	SAEC	None	CTCF	ChIP SAEC CTCF
686	wgEncodeAwgTfbsUwSknshraCtcfUniPk.narrowPeak	SK-N-SH_RA	None	CTCF	ChIP SK-N-SH_RA CTCF
687	wgEncodeAwgTfbsUwWerirb1CtcfUniPk.narrowPeak	WERI-Rb-1	None	CTCF	ChIP WERI-Rb-1 CTCF
688	wgEncodeAwgTfbsUwWi38CtcfUniPk.narrowPeak	WI-38	None	CTCF	ChIP WI-38 CTCF
